56599	1785466737-KTP1	288	1	20	11	4	0	0	0	15
56600	1785466737-KTP1	289	1	23	19	2	0	0	0	5
56601	1785466737-KTP1	290	1	16	15	0	2	0	0	6
56602	1785466737-KTP1	291	1	15	17	4	0	0	0	2
56603	1785466737-KTP1	292	1	21	13	5	0	0	0	7
56604	1785466737-KTP1	293	1	16	14	3	1	0	0	5
56605	1785466737-KTP1	294	1	5	19	1	0	0	0	5
56606	1785466737-KTP1	295	1	9	21	2	1	0	0	8
56607	1785466737-KTP1	296	1	16	18	2	0	0	0	10
56608	1785466737-KTP1	297	1	16	16	4	1	0	0	10
56609	1785466737-KTP1	298	1	21	17	5	0	0	0	7
56610	1785466737-KTP1	299	1	15	13	2	1	0	0	2
56614	1785466737-KTP1	288	2	39	24	9	0	0	4518	10
56615	1785466737-KTP1	289	2	36	28	6	2	0	6826	5
56616	1785466737-KTP1	290	2	27	30	1	0	0	3881	3
56617	1785466737-KTP1	291	2	42	22	8	1	0	6681	5
56618	1785466737-KTP1	292	2	20	31	4	3	0	3947	7
56619	1785466737-KTP1	293	2	26	28	1	1	0	4304	8
56620	1785466737-KTP1	294	2	14	30	1	2	0	2409	6
56621	1785466737-KTP1	295	2	15	31	6	3	0	3240	3
56622	1785466737-KTP1	296	2	43	39	2	1	0	6369	8
56623	1785466737-KTP1	297	2	20	29	1	0	0	3455	1
56624	1785466737-KTP1	298	2	25	26	5	5	0	4524	6
56625	1785466737-KTP1	299	2	33	22	6	0	0	5732	5
56629	1785466737-KTP1	288	0	59	35	13	0	0	4518	25
56630	1785466737-KTP1	289	0	59	47	8	2	0	6826	10
56631	1785466737-KTP1	290	0	43	45	1	2	0	3881	9
56632	1785466737-KTP1	291	0	57	39	12	1	0	6681	7
56633	1785466737-KTP1	292	0	41	44	9	3	0	3947	14
56634	1785466737-KTP1	293	0	42	42	4	2	0	4304	13
56635	1785466737-KTP1	294	0	19	49	2	2	0	2409	11
56636	1785466737-KTP1	295	0	24	52	8	4	0	3240	11
56637	1785466737-KTP1	296	0	59	57	4	1	0	6369	18
56638	1785466737-KTP1	297	0	36	45	5	1	0	3455	11
56639	1785466737-KTP1	298	0	46	43	10	5	0	4524	13
56640	1785466737-KTP1	299	0	48	35	8	1	0	5732	7
56644	1785471727-KTP1	289	1	25	22	4	0	0	4608	4
56645	1785471727-KTP1	290	1	20	34	2	1	0	3486	2
56646	1785471727-KTP1	293	1	23	20	5	1	0	3942	10
56647	1785471727-KTP1	294	1	20	26	2	1	0	3461	4
56648	1785471727-KTP1	295	1	13	30	3	1	0	2215	0
56649	1785471727-KTP1	297	1	28	22	5	0	0	4664	3
56650	1785471727-KTP1	300	1	49	20	5	0	0	7220	2
56651	1785471727-KTP1	301	1	34	23	6	1	0	5889	2
56652	1785471727-KTP1	302	1	31	34	2	0	0	4834	4
56653	1785471727-KTP1	303	1	33	17	6	1	0	5092	0
56654	1785471727-KTP1	304	1	17	26	1	1	0	2900	2
56655	1785471727-KTP1	305	1	19	38	2	1	0	3046	5
56659	1785471727-KTP1	289	2	25	28	5	1	0	4772	9
56660	1785471727-KTP1	290	2	29	27	1	1	0	4708	10
56661	1785471727-KTP1	293	2	28	16	4	1	0	4322	8
56662	1785471727-KTP1	294	2	11	28	1	1	0	1767	6
56663	1785471727-KTP1	295	2	10	23	0	1	0	1885	4
56664	1785471727-KTP1	297	2	19	23	6	0	0	2805	5
56665	1785471727-KTP1	300	2	32	22	6	0	0	4373	3
56666	1785471727-KTP1	301	2	32	31	2	0	0	5021	2
56667	1785471727-KTP1	302	2	33	26	4	1	0	5427	9
56668	1785471727-KTP1	303	2	27	14	3	0	0	3980	4
56669	1785471727-KTP1	304	2	24	28	2	1	0	4854	11
56670	1785471727-KTP1	305	2	25	29	3	1	0	3878	8
56674	1785471727-KTP1	289	0	50	50	9	1	0	9380	13
56675	1785471727-KTP1	290	0	49	61	3	2	0	8194	12
56676	1785471727-KTP1	293	0	51	36	9	2	0	8264	18
56677	1785471727-KTP1	294	0	31	54	3	2	0	5228	10
56678	1785471727-KTP1	295	0	23	53	3	2	0	4100	4
56679	1785471727-KTP1	297	0	47	45	11	0	0	7469	8
56680	1785471727-KTP1	300	0	81	42	11	0	0	11593	5
56681	1785471727-KTP1	301	0	66	54	8	1	0	10910	4
56682	1785471727-KTP1	302	0	64	60	6	1	0	10261	13
56683	1785471727-KTP1	303	0	60	31	9	1	0	9072	4
56684	1785471727-KTP1	304	0	41	54	3	2	0	7754	13
56685	1785471727-KTP1	305	0	44	67	5	2	0	6924	13
56689	1785522788-KTP2	292	1	0	2	0	0	0	63	0
56690	1785522788-KTP2	299	1	1	1	0	2	0	320	0
56691	1785522788-KTP2	300	1	1	1	0	1	0	233	0
56692	1785522788-KTP2	301	1	1	1	0	0	0	193	1
56693	1785522788-KTP2	307	1	3	1	2	0	0	661	0
56694	1785522788-KTP2	314	1	0	1	0	0	0	76	1
56695	1785522788-KTP2	320	1	2	0	0	0	0	258	0
56696	1785522788-KTP2	322	1	0	1	0	0	0	0	0
56697	1785522788-KTP2	337	1	0	1	0	1	0	137	0
56698	1785522788-KTP2	338	1	2	0	0	0	0	232	0
56699	1785522788-KTP2	344	1	0	1	0	0	0	0	0
56700	1785522788-KTP2	345	1	1	1	1	0	0	100	0
56704	1785522788-KTP2	292	0	0	2	0	0	0	63	0
56705	1785522788-KTP2	299	0	1	1	0	2	0	320	0
56706	1785522788-KTP2	300	0	1	1	0	1	0	233	0
56707	1785522788-KTP2	301	0	1	1	0	0	0	193	1
56708	1785522788-KTP2	307	0	3	1	2	0	0	661	0
56709	1785522788-KTP2	314	0	0	1	0	0	0	76	1
56710	1785522788-KTP2	320	0	2	0	0	0	0	258	0
56711	1785522788-KTP2	322	0	0	1	0	0	0	0	0
56712	1785522788-KTP2	337	0	0	1	0	1	0	137	0
56713	1785522788-KTP2	338	0	2	0	0	0	0	232	0
56714	1785522788-KTP2	344	0	0	1	0	0	0	0	0
56715	1785522788-KTP2	345	0	1	1	1	0	0	100	0
56719	1785522550-KTP5	295	1	22	22	3	0	0	3044	1
56720	1785522550-KTP5	302	1	22	22	4	0	0	4162	2
56721	1785522550-KTP5	305	1	7	32	1	1	0	1570	1
56722	1785522550-KTP5	306	1	15	21	4	1	0	2944	0
56723	1785522550-KTP5	316	1	20	15	2	1	0	2980	0
56724	1785522550-KTP5	319	1	16	20	0	0	0	2912	5
56725	1785522550-KTP5	321	1	26	20	2	2	0	4561	3
56726	1785522550-KTP5	323	1	26	21	4	0	0	4254	5
56727	1785522550-KTP5	330	1	21	20	9	0	0	3172	4
56728	1785522550-KTP5	334	1	21	12	0	1	0	3307	0
56729	1785522550-KTP5	339	1	21	15	3	0	0	4056	8
56730	1785522550-KTP5	342	1	23	20	3	0	0	3455	3
56734	1785522550-KTP5	295	2	24	18	6	1	0	3660	10
56735	1785522550-KTP5	302	2	20	25	4	1	0	4122	2
56736	1785522550-KTP5	305	2	17	22	5	0	0	2978	3
56737	1785522550-KTP5	306	2	12	20	3	0	0	1805	4
56738	1785522550-KTP5	316	2	25	15	5	1	0	4722	0
56739	1785522550-KTP5	319	2	15	20	5	1	0	3141	1
56740	1785522550-KTP5	321	2	19	21	0	1	0	3162	7
56741	1785522550-KTP5	323	2	26	17	4	1	0	3963	3
56742	1785522550-KTP5	330	2	13	20	2	0	0	1754	3
56743	1785522550-KTP5	334	2	20	12	2	0	0	3269	2
56744	1785522550-KTP5	339	2	17	19	4	0	0	3535	4
56745	1785522550-KTP5	342	2	22	21	4	0	0	3977	5
56749	1785522550-KTP5	295	0	46	40	9	1	0	6704	11
56750	1785522550-KTP5	302	0	42	47	8	1	0	8284	4
56751	1785522550-KTP5	305	0	24	54	6	1	0	4548	4
56752	1785522550-KTP5	306	0	27	41	7	1	0	4749	4
56753	1785522550-KTP5	316	0	45	30	7	2	0	7702	0
56754	1785522550-KTP5	319	0	31	40	5	1	0	6053	6
56755	1785522550-KTP5	321	0	45	41	2	3	0	7723	10
56756	1785522550-KTP5	323	0	52	38	8	1	0	8217	8
56757	1785522550-KTP5	330	0	34	40	11	0	0	4926	7
56758	1785522550-KTP5	334	0	41	24	2	1	0	6576	2
56759	1785522550-KTP5	339	0	38	34	7	0	0	7591	12
56760	1785522550-KTP5	342	0	45	41	7	0	0	7432	8
56764	1785522760-KTP4	289	1	21	23	3	0	0	3838	1
56765	1785522760-KTP4	297	1	16	18	4	0	0	3293	8
56766	1785522760-KTP4	298	1	21	23	5	1	0	3445	0
56767	1785522760-KTP4	308	1	23	15	5	1	0	4749	0
56768	1785522760-KTP4	309	1	17	23	2	0	0	2630	2
56769	1785522760-KTP4	310	1	23	17	3	0	0	3947	2
56770	1785522760-KTP4	313	1	22	18	1	0	0	3920	4
56771	1785522760-KTP4	317	1	14	16	6	2	0	3086	5
56772	1785522760-KTP4	318	1	18	20	7	0	0	2559	2
56773	1785522760-KTP4	324	1	15	19	0	0	0	2269	4
56774	1785522760-KTP4	328	1	19	16	3	0	0	3264	3
56775	1785522760-KTP4	340	1	15	16	4	0	0	2136	2
56779	1785522760-KTP4	289	2	31	19	4	0	0	5114	3
56780	1785522760-KTP4	297	2	16	14	5	0	0	2629	4
56781	1785522760-KTP4	298	2	22	21	5	0	0	3740	4
56782	1785522760-KTP4	308	2	26	11	0	0	0	3428	2
56783	1785522760-KTP4	309	2	12	19	5	0	0	1765	2
56784	1785522760-KTP4	310	2	16	17	1	1	0	2520	3
56785	1785522760-KTP4	313	2	13	17	5	0	0	2675	3
56786	1785522760-KTP4	317	2	15	19	1	0	0	2581	5
56787	1785522760-KTP4	318	2	19	17	8	0	0	3591	2
56788	1785522760-KTP4	324	2	16	17	2	2	0	2944	3
56789	1785522760-KTP4	328	2	17	22	4	0	0	2648	1
56790	1785522760-KTP4	340	2	10	20	2	0	0	1702	0
56794	1785522760-KTP4	289	0	52	42	7	0	0	8952	4
56795	1785522760-KTP4	297	0	32	32	9	0	0	5922	12
56796	1785522760-KTP4	298	0	43	44	10	1	0	7185	4
56797	1785522760-KTP4	308	0	49	26	5	1	0	8177	2
56798	1785522760-KTP4	309	0	29	42	7	0	0	4395	4
56799	1785522760-KTP4	310	0	39	34	4	1	0	6467	5
56800	1785522760-KTP4	313	0	35	35	6	0	0	6595	7
56801	1785522760-KTP4	317	0	29	35	7	2	0	5667	10
56802	1785522760-KTP4	318	0	37	37	15	0	0	6150	4
56803	1785522760-KTP4	324	0	31	36	2	2	0	5213	7
56804	1785522760-KTP4	328	0	36	38	7	0	0	5912	4
56805	1785522760-KTP4	340	0	25	36	6	0	0	3838	2
56809	1785523253-KTP1	290	1	24	20	7	0	0	2888	5
56810	1785523253-KTP1	293	1	19	17	0	0	0	2738	1
56811	1785523253-KTP1	304	1	24	20	4	0	0	4187	5
56812	1785523253-KTP1	312	1	19	16	2	0	0	3564	2
56813	1785523253-KTP1	315	1	25	23	2	0	0	3592	3
56814	1785523253-KTP1	325	1	19	18	7	0	0	4761	5
56815	1785523253-KTP1	326	1	17	22	4	0	0	3413	7
56816	1785523253-KTP1	329	1	11	15	4	0	0	2483	4
56817	1785523253-KTP1	331	1	25	14	4	0	0	3948	3
56818	1785523253-KTP1	333	1	14	25	5	2	0	2696	0
56819	1785523253-KTP1	336	1	14	20	1	0	0	1996	1
56820	1785523253-KTP1	343	1	17	18	6	0	0	3035	0
56824	1785523253-KTP1	290	2	18	23	2	2	0	3123	4
56825	1785523253-KTP1	293	2	20	21	3	0	0	3090	3
56826	1785523253-KTP1	304	2	30	18	1	0	0	3940	3
56827	1785523253-KTP1	312	2	22	22	5	0	0	3496	1
56828	1785523253-KTP1	315	2	16	22	6	0	0	2467	5
56829	1785523253-KTP1	325	2	19	15	2	1	0	3591	7
56830	1785523253-KTP1	326	2	20	16	10	1	0	3363	8
56831	1785523253-KTP1	329	2	11	20	1	0	0	1855	3
56832	1785523253-KTP1	331	2	23	16	5	0	0	3454	5
56833	1785523253-KTP1	333	2	14	20	3	3	0	2804	3
56834	1785523253-KTP1	336	2	17	19	2	0	0	3376	5
56835	1785523253-KTP1	343	2	19	17	4	1	0	2877	4
56839	1785523253-KTP1	290	0	42	43	9	2	0	6011	9
56840	1785523253-KTP1	293	0	39	38	3	0	0	5828	4
56841	1785523253-KTP1	304	0	54	38	5	0	0	8127	8
56842	1785523253-KTP1	312	0	41	38	7	0	0	7060	3
56843	1785523253-KTP1	315	0	41	45	8	0	0	6059	8
56844	1785523253-KTP1	325	0	38	33	9	1	0	8352	12
56845	1785523253-KTP1	326	0	37	38	14	1	0	6776	15
56846	1785523253-KTP1	329	0	22	35	5	0	0	4338	7
56847	1785523253-KTP1	331	0	48	30	9	0	0	7402	8
56848	1785523253-KTP1	333	0	28	45	8	5	0	5500	3
56849	1785523253-KTP1	336	0	31	39	3	0	0	5372	6
56850	1785523253-KTP1	343	0	36	35	10	1	0	5912	4
56854	1785522786-KTP3	288	1	26	22	4	0	0	3336	10
56855	1785522786-KTP3	291	1	30	23	3	0	0	4227	3
56856	1785522786-KTP3	294	1	16	29	1	0	0	2343	6
56857	1785522786-KTP3	296	1	18	23	0	0	0	3045	9
56858	1785522786-KTP3	311	1	22	25	3	0	0	4164	5
56859	1785522786-KTP3	327	1	25	20	5	0	0	4154	6
56860	1785522786-KTP3	332	1	16	33	0	0	0	2738	9
56861	1785522786-KTP3	335	1	21	26	3	1	0	3310	8
56862	1785522786-KTP3	341	1	26	19	8	1	0	4041	5
56863	1785522786-KTP3	346	1	26	20	4	0	0	4755	0
56864	1785522786-KTP3	347	1	29	24	3	0	0	4796	6
56865	1785522786-KTP3	348	1	31	22	6	0	0	5264	3
56869	1785522786-KTP3	288	2	34	26	3	1	0	5002	8
56870	1785522786-KTP3	291	2	29	18	7	0	0	4605	8
56871	1785522786-KTP3	294	2	12	34	2	1	0	2088	4
56872	1785522786-KTP3	296	2	20	26	4	0	0	3695	5
56873	1785522786-KTP3	311	2	28	26	3	0	0	4950	4
56874	1785522786-KTP3	327	2	25	19	3	0	0	3590	5
56875	1785522786-KTP3	332	2	36	34	6	0	0	6016	3
56876	1785522786-KTP3	335	2	30	26	2	0	0	3913	3
56877	1785522786-KTP3	341	2	14	23	1	0	0	2156	4
56878	1785522786-KTP3	346	2	20	26	2	0	0	3171	6
56879	1785522786-KTP3	347	2	27	28	4	0	0	4701	4
56880	1785522786-KTP3	348	2	42	31	11	0	0	6963	3
56884	1785522786-KTP3	288	0	60	48	7	1	0	8338	18
56885	1785522786-KTP3	291	0	59	41	10	0	0	8832	11
56886	1785522786-KTP3	294	0	28	63	3	1	0	4431	10
56887	1785522786-KTP3	296	0	38	49	4	0	0	6740	14
56888	1785522786-KTP3	311	0	50	51	6	0	0	9114	9
56889	1785522786-KTP3	327	0	50	39	8	0	0	7744	11
56890	1785522786-KTP3	332	0	52	67	6	0	0	8754	12
56891	1785522786-KTP3	335	0	51	52	5	1	0	7223	11
56892	1785522786-KTP3	341	0	40	42	9	1	0	6197	9
56893	1785522786-KTP3	346	0	46	46	6	0	0	7926	6
56894	1785522786-KTP3	347	0	56	52	7	0	0	9497	10
56895	1785522786-KTP3	348	0	73	53	17	0	0	12227	6
56899	1785522943-KTP2	292	1	31	22	8	2	0	5118	6
56900	1785522943-KTP2	299	1	21	19	2	1	0	3565	1
56901	1785522943-KTP2	300	1	28	28	4	0	0	4351	3
56902	1785522943-KTP2	301	1	25	27	4	1	0	3963	7
56903	1785522943-KTP2	307	1	26	34	7	1	0	4013	5
56904	1785522943-KTP2	314	1	23	17	5	0	0	3813	7
56905	1785522943-KTP2	320	1	30	20	1	1	0	3875	6
56906	1785522943-KTP2	322	1	23	23	4	0	0	4497	7
56907	1785522943-KTP2	337	1	26	30	1	1	0	3918	4
56908	1785522943-KTP2	338	1	36	25	1	0	0	5127	7
56909	1785522943-KTP2	344	1	17	30	1	0	0	2465	5
56910	1785522943-KTP2	345	1	18	29	8	0	0	2774	4
56914	1785522943-KTP2	292	2	21	26	6	0	0	3253	5
56915	1785522943-KTP2	299	2	25	18	1	0	0	3259	4
56916	1785522943-KTP2	300	2	32	22	4	1	0	4823	5
56917	1785522943-KTP2	301	2	20	34	2	1	0	3101	5
56918	1785522943-KTP2	307	2	19	31	5	0	0	3631	9
56919	1785522943-KTP2	314	2	24	17	4	0	0	4251	9
56920	1785522943-KTP2	320	2	27	25	4	0	0	4084	2
56921	1785522943-KTP2	322	2	26	26	2	0	0	3984	5
56922	1785522943-KTP2	337	2	31	24	3	0	0	4502	9
56923	1785522943-KTP2	338	2	37	24	4	0	0	6249	10
56924	1785522943-KTP2	344	2	23	26	7	0	0	3954	2
56925	1785522943-KTP2	345	2	14	26	10	0	0	2194	6
56929	1785522943-KTP2	292	0	52	48	14	2	0	8371	11
56930	1785522943-KTP2	299	0	46	37	3	1	0	6824	5
56931	1785522943-KTP2	300	0	60	50	8	1	0	9174	8
56932	1785522943-KTP2	301	0	45	61	6	2	0	7064	12
56933	1785522943-KTP2	307	0	45	65	12	1	0	7644	14
56934	1785522943-KTP2	314	0	47	34	9	0	0	8064	16
56935	1785522943-KTP2	320	0	57	45	5	1	0	7959	8
56936	1785522943-KTP2	322	0	49	49	6	0	0	8481	12
56937	1785522943-KTP2	337	0	57	54	4	1	0	8420	13
56938	1785522943-KTP2	338	0	73	49	5	0	0	11376	17
56939	1785522943-KTP2	344	0	40	56	8	0	0	6419	7
56940	1785522943-KTP2	345	0	32	55	18	0	0	4968	10
56944	1785526974-KTP1	290	1	19	13	2	1	0	2989	12
56945	1785526974-KTP1	292	1	9	17	3	1	0	1444	7
56946	1785526974-KTP1	293	1	10	13	2	0	0	1974	8
56947	1785526974-KTP1	300	1	12	11	2	1	0	2697	15
56948	1785526974-KTP1	301	1	36	16	1	0	0	4942	14
56949	1785526974-KTP1	312	1	18	12	2	0	0	3106	7
56950	1785526974-KTP1	315	1	20	20	3	0	0	2889	9
56951	1785526974-KTP1	320	1	20	10	0	0	0	2672	10
56952	1785526974-KTP1	322	1	6	17	0	2	0	959	4
56953	1785526974-KTP1	329	1	4	20	0	1	0	913	4
56954	1785526974-KTP1	333	1	19	18	4	0	0	3142	14
56955	1785526974-KTP1	345	1	13	19	7	1	0	2152	9
56959	1785526974-KTP1	290	2	20	18	8	0	0	2999	6
56960	1785526974-KTP1	292	2	20	15	5	0	0	3204	10
56961	1785526974-KTP1	293	2	16	14	0	0	0	2178	5
56962	1785526974-KTP1	300	2	21	14	4	0	0	3363	9
56963	1785526974-KTP1	301	2	24	22	5	1	0	5045	7
56964	1785526974-KTP1	312	2	16	11	0	0	0	2145	2
56965	1785526974-KTP1	315	2	29	18	0	0	0	3583	6
56966	1785526974-KTP1	320	2	13	15	0	0	0	1926	6
56967	1785526974-KTP1	322	2	11	17	1	1	0	1792	15
56968	1785526974-KTP1	329	2	7	18	0	3	0	1734	4
56969	1785526974-KTP1	333	2	13	22	5	1	0	2360	5
56970	1785526974-KTP1	345	2	12	18	2	0	0	1995	7
56974	1785526974-KTP1	290	0	39	31	10	1	0	5988	18
56975	1785526974-KTP1	292	0	29	32	8	1	0	4648	17
56976	1785526974-KTP1	293	0	26	27	2	0	0	4152	13
56977	1785526974-KTP1	300	0	33	25	6	1	0	6060	24
56978	1785526974-KTP1	301	0	60	38	6	1	0	9987	21
56979	1785526974-KTP1	312	0	34	23	2	0	0	5251	9
56980	1785526974-KTP1	315	0	49	38	3	0	0	6472	15
56981	1785526974-KTP1	320	0	33	25	0	0	0	4598	16
56982	1785526974-KTP1	322	0	17	34	1	3	0	2751	19
56983	1785526974-KTP1	329	0	11	38	0	4	0	2647	8
56984	1785526974-KTP1	333	0	32	40	9	1	0	5502	19
56985	1785526974-KTP1	345	0	25	37	9	1	0	4147	16
56989	1785527071-KTP3	298	1	25	16	4	1	0	3632	9
56990	1785527071-KTP3	299	1	22	15	5	1	0	3679	10
56991	1785527071-KTP3	307	1	18	23	6	2	0	3446	7
56992	1785527071-KTP3	308	1	20	10	3	0	0	3317	9
56993	1785527071-KTP3	313	1	16	14	0	1	0	2497	2
56994	1785527071-KTP3	314	1	13	13	1	0	0	2371	9
56995	1785527071-KTP3	317	1	7	19	3	0	0	1436	5
56996	1785527071-KTP3	318	1	19	18	9	0	0	2609	5
56997	1785527071-KTP3	324	1	22	19	4	1	0	4138	8
56998	1785527071-KTP3	337	1	21	21	0	0	0	3378	10
56999	1785527071-KTP3	338	1	17	18	2	0	0	3114	8
57000	1785527071-KTP3	344	1	5	19	1	0	0	1123	5
57004	1785527071-KTP3	298	2	33	15	8	2	0	5225	10
57005	1785527071-KTP3	299	2	16	11	0	0	0	2330	9
57006	1785527071-KTP3	307	2	11	24	3	0	0	1659	6
57007	1785527071-KTP3	308	2	21	13	1	0	0	3039	7
57008	1785527071-KTP3	313	2	18	18	3	0	0	3104	10
57009	1785527071-KTP3	314	2	16	14	2	0	0	2954	13
57010	1785527071-KTP3	317	2	11	18	1	1	0	2018	6
57011	1785527071-KTP3	318	2	13	14	2	1	0	2262	10
57012	1785527071-KTP3	324	2	9	19	1	0	0	1383	5
57013	1785527071-KTP3	337	2	20	18	1	0	0	3500	3
57014	1785527071-KTP3	338	2	22	18	0	0	0	3280	5
57015	1785527071-KTP3	344	2	12	20	5	0	0	1904	5
57019	1785527071-KTP3	298	0	58	31	12	3	0	8857	19
57020	1785527071-KTP3	299	0	38	26	5	1	0	6009	19
57021	1785527071-KTP3	307	0	29	47	9	2	0	5105	13
57022	1785527071-KTP3	308	0	41	23	4	0	0	6356	16
57023	1785527071-KTP3	313	0	34	32	3	1	0	5601	12
57024	1785527071-KTP3	314	0	29	27	3	0	0	5325	22
57025	1785527071-KTP3	317	0	18	37	4	1	0	3454	11
57026	1785527071-KTP3	318	0	32	32	11	1	0	4871	15
57027	1785527071-KTP3	324	0	31	38	5	1	0	5521	13
57028	1785527071-KTP3	337	0	41	39	1	0	0	6878	13
57029	1785527071-KTP3	338	0	39	36	2	0	0	6394	13
57030	1785527071-KTP3	344	0	17	39	6	0	0	3027	10
57034	1785527247-KTP2	288	1	21	18	0	0	0	2552	15
57035	1785527247-KTP2	296	1	13	18	2	1	0	2266	13
57036	1785527247-KTP2	304	1	19	16	2	0	0	3098	9
57037	1785527247-KTP2	325	1	15	17	4	0	0	2988	3
57038	1785527247-KTP2	326	1	12	22	5	0	0	1952	9
57039	1785527247-KTP2	331	1	19	15	2	0	0	3358	3
57040	1785527247-KTP2	336	1	16	15	1	0	0	2327	6
57041	1785527247-KTP2	341	1	15	14	2	0	0	2186	11
57042	1785527247-KTP2	343	1	13	16	5	0	0	2041	2
57043	1785527247-KTP2	346	1	12	15	0	0	0	1595	4
57044	1785527247-KTP2	347	1	20	15	2	0	0	3931	6
57045	1785527247-KTP2	348	1	20	14	1	0	0	3155	4
57049	1785527247-KTP2	288	2	15	14	3	0	0	2660	4
57050	1785527247-KTP2	296	2	11	17	2	1	0	2122	6
57051	1785527247-KTP2	304	2	12	19	1	0	0	2794	8
57052	1785527247-KTP2	325	2	11	20	0	0	0	1768	6
57053	1785527247-KTP2	326	2	12	17	3	0	0	1354	5
57054	1785527247-KTP2	331	2	24	12	3	0	0	3713	13
57055	1785527247-KTP2	336	2	14	18	3	1	0	2481	2
57056	1785527247-KTP2	341	2	7	16	2	0	0	960	9
57057	1785527247-KTP2	343	2	16	15	1	0	0	2370	6
57058	1785527247-KTP2	346	2	18	13	1	0	0	2746	3
57059	1785527247-KTP2	347	2	29	15	2	0	0	4717	8
57060	1785527247-KTP2	348	2	21	14	4	0	0	3924	5
57064	1785527247-KTP2	288	0	36	32	3	0	0	5212	19
57065	1785527247-KTP2	296	0	24	35	4	2	0	4388	19
57066	1785527247-KTP2	304	0	31	35	3	0	0	5892	17
57067	1785527247-KTP2	325	0	26	37	4	0	0	4756	9
57068	1785527247-KTP2	326	0	24	39	8	0	0	3306	14
57069	1785527247-KTP2	331	0	43	27	5	0	0	7071	16
57070	1785527247-KTP2	336	0	30	33	4	1	0	4808	8
57071	1785527247-KTP2	341	0	22	30	4	0	0	3146	20
57072	1785527247-KTP2	343	0	29	31	6	0	0	4411	8
57073	1785527247-KTP2	346	0	30	28	1	0	0	4341	7
57074	1785527247-KTP2	347	0	49	30	4	0	0	8648	14
57075	1785527247-KTP2	348	0	41	28	5	0	0	7079	9
57079	1785526997-KTP5	289	1	27	18	4	1	0	5490	10
57080	1785526997-KTP5	297	1	9	18	0	0	0	1466	2
57081	1785526997-KTP5	305	1	22	19	6	2	0	3026	5
57082	1785526997-KTP5	309	1	16	20	1	0	0	2720	5
57083	1785526997-KTP5	310	1	23	16	6	0	0	4061	5
57084	1785526997-KTP5	316	1	15	15	2	0	0	2377	4
57085	1785526997-KTP5	319	1	10	17	1	2	0	1895	6
57086	1785526997-KTP5	321	1	24	19	4	3	0	4200	7
57087	1785526997-KTP5	328	1	17	17	3	0	0	3158	2
57088	1785526997-KTP5	330	1	13	18	3	1	0	2085	9
57089	1785526997-KTP5	340	1	13	13	4	0	0	2424	9
57090	1785526997-KTP5	342	1	18	17	1	1	0	2765	7
57094	1785526997-KTP5	289	2	33	15	1	1	0	5317	12
57095	1785526997-KTP5	297	2	12	25	3	0	0	1919	0
57096	1785526997-KTP5	305	2	15	21	6	0	0	2791	6
57097	1785526997-KTP5	309	2	15	22	5	0	0	2511	9
57098	1785526997-KTP5	310	2	21	16	1	0	0	3171	8
57099	1785526997-KTP5	316	2	29	11	3	1	0	4843	7
57100	1785526997-KTP5	319	2	12	16	2	0	0	1843	8
57101	1785526997-KTP5	321	2	21	17	4	0	0	4299	10
57102	1785526997-KTP5	328	2	12	19	0	0	0	1935	5
57103	1785526997-KTP5	330	2	13	18	2	0	0	1800	11
57104	1785526997-KTP5	340	2	9	9	1	0	0	1278	5
57105	1785526997-KTP5	342	2	16	19	4	0	0	3248	11
57109	1785526997-KTP5	289	0	60	33	5	2	0	10807	22
57110	1785526997-KTP5	297	0	21	43	3	0	0	3385	2
57111	1785526997-KTP5	305	0	37	40	12	2	0	5817	11
57112	1785526997-KTP5	309	0	31	42	6	0	0	5231	14
57113	1785526997-KTP5	310	0	44	32	7	0	0	7232	13
57114	1785526997-KTP5	316	0	44	26	5	1	0	7220	11
57115	1785526997-KTP5	319	0	22	33	3	2	0	3738	14
57116	1785526997-KTP5	321	0	45	36	8	3	0	8499	17
57117	1785526997-KTP5	328	0	29	36	3	0	0	5093	7
57118	1785526997-KTP5	330	0	26	36	5	1	0	3885	20
57119	1785526997-KTP5	340	0	22	22	5	0	0	3702	14
57120	1785526997-KTP5	342	0	34	36	5	1	0	6013	18
57124	1785527132-KTP4	291	1	22	19	6	3	0	3958	16
57125	1785527132-KTP4	294	1	8	29	1	2	0	1629	8
57126	1785527132-KTP4	295	1	18	28	5	2	0	4202	15
57127	1785527132-KTP4	302	1	21	28	3	1	0	3719	12
57128	1785527132-KTP4	306	1	14	28	2	1	0	2000	12
57129	1785527132-KTP4	311	1	27	20	4	0	0	5209	12
57130	1785527132-KTP4	323	1	31	25	4	1	0	5854	10
57131	1785527132-KTP4	327	1	32	14	4	0	0	4533	17
57132	1785527132-KTP4	332	1	23	35	4	0	0	3905	10
57133	1785527132-KTP4	334	1	29	18	1	0	0	4270	5
57134	1785527132-KTP4	335	1	38	23	6	0	0	5987	9
57135	1785527132-KTP4	339	1	27	23	4	0	0	4626	5
57139	1785527132-KTP4	291	2	25	23	1	1	0	3836	8
57140	1785527132-KTP4	294	2	10	30	2	0	0	2069	6
57141	1785527132-KTP4	295	2	12	27	6	1	0	1851	11
57142	1785527132-KTP4	302	2	43	24	7	2	0	7532	7
57143	1785527132-KTP4	306	2	19	27	8	1	0	2924	8
57144	1785527132-KTP4	311	2	20	24	3	1	0	4115	12
57145	1785527132-KTP4	323	2	22	26	2	0	0	3481	3
57146	1785527132-KTP4	327	2	35	21	9	0	0	6108	9
57147	1785527132-KTP4	332	2	23	31	5	0	0	4318	6
57148	1785527132-KTP4	334	2	26	17	1	1	0	3892	5
57149	1785527132-KTP4	335	2	33	21	2	0	0	4899	7
57150	1785527132-KTP4	339	2	28	25	4	0	0	4617	2
57154	1785527132-KTP4	291	0	47	42	7	4	0	7794	24
57155	1785527132-KTP4	294	0	18	59	3	2	0	3698	14
57156	1785527132-KTP4	295	0	30	55	11	3	0	6053	26
57157	1785527132-KTP4	302	0	64	52	10	3	0	11251	19
57158	1785527132-KTP4	306	0	33	55	10	2	0	4924	20
57159	1785527132-KTP4	311	0	47	44	7	1	0	9324	24
57160	1785527132-KTP4	323	0	53	51	6	1	0	9335	13
57161	1785527132-KTP4	327	0	67	35	13	0	0	10641	26
57162	1785527132-KTP4	332	0	46	66	9	0	0	8223	16
57163	1785527132-KTP4	334	0	55	35	2	1	0	8162	10
57164	1785527132-KTP4	335	0	71	44	8	0	0	10886	16
57165	1785527132-KTP4	339	0	55	48	8	0	0	9243	7
57169	1785530757-KTP2	292	1	17	20	2	0	0	2176	0
57170	1785530757-KTP2	298	1	33	21	8	0	0	5772	1
57171	1785530757-KTP2	300	1	20	16	1	1	0	3243	3
57172	1785530757-KTP2	301	1	19	23	1	1	0	3915	0
57173	1785530757-KTP2	308	1	22	10	2	0	0	3880	2
57174	1785530757-KTP2	313	1	21	14	3	0	0	3175	2
57175	1785530757-KTP2	317	1	8	14	1	1	0	1996	2
57176	1785530757-KTP2	318	1	16	17	1	0	0	2634	0
57177	1785530757-KTP2	320	1	19	16	0	1	0	3238	0
57178	1785530757-KTP2	322	1	7	22	1	0	0	1727	2
57179	1785530757-KTP2	324	1	17	17	3	0	0	3486	2
57180	1785530757-KTP2	345	1	11	20	5	3	0	1774	2
57184	1785530757-KTP2	292	2	25	23	3	0	0	3309	8
57185	1785530757-KTP2	298	2	28	19	3	0	0	3898	2
57186	1785530757-KTP2	300	2	18	23	2	0	0	3406	0
57187	1785530757-KTP2	301	2	24	26	1	0	0	3800	5
57188	1785530757-KTP2	308	2	26	14	2	0	0	4101	4
57189	1785530757-KTP2	313	2	17	16	1	0	0	2266	5
57190	1785530757-KTP2	317	2	19	18	3	0	0	2373	5
57191	1785530757-KTP2	318	2	17	18	7	0	0	2540	1
57192	1785530757-KTP2	320	2	19	17	1	0	0	2533	2
57193	1785530757-KTP2	322	2	10	23	1	0	0	1690	4
57194	1785530757-KTP2	324	2	24	17	3	0	0	3908	7
57195	1785530757-KTP2	345	2	6	19	4	0	0	1045	9
57199	1785530757-KTP2	292	0	42	43	5	0	0	5485	8
57200	1785530757-KTP2	298	0	61	40	11	0	0	9670	3
57201	1785530757-KTP2	300	0	38	39	3	1	0	6649	3
57202	1785530757-KTP2	301	0	43	49	2	1	0	7715	5
57203	1785530757-KTP2	308	0	48	24	4	0	0	7981	6
57204	1785530757-KTP2	313	0	38	30	4	0	0	5441	7
57205	1785530757-KTP2	317	0	27	32	4	1	0	4369	7
57206	1785530757-KTP2	318	0	33	35	8	0	0	5174	1
57207	1785530757-KTP2	320	0	38	33	1	1	0	5771	2
57208	1785530757-KTP2	322	0	17	45	2	0	0	3417	6
57209	1785530757-KTP2	324	0	41	34	6	0	0	7394	9
57210	1785530757-KTP2	345	0	17	39	9	3	0	2819	11
57214	1785530858-KTP4	299	1	21	16	4	0	0	3379	5
57215	1785530858-KTP4	305	1	22	28	2	0	0	3798	3
57216	1785530858-KTP4	307	1	18	19	7	0	0	3249	4
57217	1785530858-KTP4	314	1	19	12	4	0	0	3825	0
57218	1785530858-KTP4	316	1	21	17	0	2	0	3661	5
57219	1785530858-KTP4	319	1	14	22	3	1	0	3157	2
57220	1785530858-KTP4	321	1	17	20	2	0	0	3204	5
57221	1785530858-KTP4	330	1	11	23	1	0	0	1960	1
57222	1785530858-KTP4	337	1	25	17	3	0	0	4380	6
57223	1785530858-KTP4	338	1	29	16	4	0	0	5145	3
57224	1785530858-KTP4	342	1	13	20	3	0	0	2806	3
57225	1785530858-KTP4	344	1	18	18	7	0	0	2749	2
57229	1785530858-KTP4	299	2	19	17	0	0	0	2511	4
57230	1785530858-KTP4	305	2	21	26	4	0	0	3440	6
57231	1785530858-KTP4	307	2	28	24	5	1	0	4785	4
57232	1785530858-KTP4	314	2	20	16	2	1	0	3507	3
57233	1785530858-KTP4	316	2	24	19	5	0	0	3911	4
57234	1785530858-KTP4	319	2	12	24	2	3	0	2816	1
57235	1785530858-KTP4	321	2	20	25	2	0	0	3601	7
57236	1785530858-KTP4	330	2	19	23	8	0	0	2781	2
57237	1785530858-KTP4	337	2	22	21	5	0	0	4793	7
57238	1785530858-KTP4	338	2	25	19	1	0	0	3703	5
57239	1785530858-KTP4	342	2	18	24	3	0	0	2980	3
57240	1785530858-KTP4	344	2	27	17	4	0	0	4087	4
57244	1785530858-KTP4	299	0	40	33	4	0	0	5890	9
57245	1785530858-KTP4	305	0	43	54	6	0	0	7238	9
57246	1785530858-KTP4	307	0	46	43	12	1	0	8034	8
57247	1785530858-KTP4	314	0	39	28	6	1	0	7332	3
57248	1785530858-KTP4	316	0	45	36	5	2	0	7572	9
57249	1785530858-KTP4	319	0	26	46	5	4	0	5973	3
57250	1785530858-KTP4	321	0	37	45	4	0	0	6805	12
57251	1785530858-KTP4	330	0	30	46	9	0	0	4741	3
57252	1785530858-KTP4	337	0	47	38	8	0	0	9173	13
57253	1785530858-KTP4	338	0	54	35	5	0	0	8848	8
57254	1785530858-KTP4	342	0	31	44	6	0	0	5786	6
57255	1785530858-KTP4	344	0	45	35	11	0	0	6836	6
57259	1785531519-KTP1	288	1	21	23	6	1	0	2912	4
57260	1785531519-KTP1	290	1	14	13	2	1	0	3017	3
57261	1785531519-KTP1	293	1	30	23	7	2	0	4839	3
57262	1785531519-KTP1	296	1	19	18	2	0	0	3352	3
57263	1785531519-KTP1	312	1	20	15	2	1	0	3639	5
57264	1785531519-KTP1	315	1	18	18	4	0	0	3247	8
57265	1785531519-KTP1	329	1	9	17	1	0	0	1582	4
57266	1785531519-KTP1	333	1	17	24	3	1	0	3041	4
57267	1785531519-KTP1	341	1	6	17	1	1	0	1299	1
57268	1785531519-KTP1	346	1	20	17	2	0	0	3230	4
57269	1785531519-KTP1	347	1	16	20	3	0	0	2589	4
57270	1785531519-KTP1	348	1	28	13	0	1	0	4165	7
57274	1785531519-KTP1	288	2	14	22	1	0	0	2003	5
57275	1785531519-KTP1	290	2	26	15	4	0	0	3289	3
57276	1785531519-KTP1	293	2	17	23	2	0	0	2495	5
57277	1785531519-KTP1	296	2	16	17	0	0	0	2235	9
57278	1785531519-KTP1	312	2	17	22	2	0	0	3016	2
57279	1785531519-KTP1	315	2	24	23	2	0	0	3756	2
57280	1785531519-KTP1	329	2	8	24	1	0	0	1446	4
57281	1785531519-KTP1	333	2	15	26	2	0	0	2533	1
57282	1785531519-KTP1	341	2	23	16	2	0	0	3310	2
57283	1785531519-KTP1	346	2	16	14	3	0	0	2492	2
57284	1785531519-KTP1	347	2	25	17	2	0	0	4297	6
57285	1785531519-KTP1	348	2	39	21	1	0	0	5994	2
57289	1785531519-KTP1	288	0	35	45	7	1	0	4915	9
57290	1785531519-KTP1	290	0	40	28	6	1	0	6306	6
57291	1785531519-KTP1	293	0	47	46	9	2	0	7334	8
57292	1785531519-KTP1	296	0	35	35	2	0	0	5587	12
57293	1785531519-KTP1	312	0	37	37	4	1	0	6655	7
57294	1785531519-KTP1	315	0	42	41	6	0	0	7003	10
57295	1785531519-KTP1	329	0	17	41	2	0	0	3028	8
57296	1785531519-KTP1	333	0	32	50	5	1	0	5574	5
57297	1785531519-KTP1	341	0	29	33	3	1	0	4609	3
57298	1785531519-KTP1	346	0	36	31	5	0	0	5722	6
57299	1785531519-KTP1	347	0	41	37	5	0	0	6886	10
57300	1785531519-KTP1	348	0	67	34	1	1	0	10159	9
57304	1785531505-KTP3	295	1	13	20	1	4	0	2354	1
57305	1785531505-KTP3	302	1	19	25	1	1	0	2760	0
57306	1785531505-KTP3	304	1	29	16	3	0	0	4794	2
57307	1785531505-KTP3	306	1	17	23	6	1	0	2656	1
57308	1785531505-KTP3	323	1	24	20	0	1	0	3196	2
57309	1785531505-KTP3	325	1	24	18	0	0	0	3654	2
57310	1785531505-KTP3	326	1	10	17	3	0	0	2240	3
57311	1785531505-KTP3	331	1	25	13	3	0	0	3517	0
57312	1785531505-KTP3	334	1	15	18	2	1	0	2625	0
57313	1785531505-KTP3	336	1	18	22	2	0	0	2947	3
57314	1785531505-KTP3	339	1	14	19	1	0	0	2261	0
57315	1785531505-KTP3	343	1	19	16	2	0	0	2844	2
57319	1785531505-KTP3	295	2	18	21	3	1	0	2948	0
57320	1785531505-KTP3	302	2	21	19	7	0	0	4578	3
57321	1785531505-KTP3	304	2	23	18	2	0	0	3716	2
57322	1785531505-KTP3	306	2	9	23	2	2	0	1913	5
57323	1785531505-KTP3	323	2	24	20	3	1	0	4515	2
57324	1785531505-KTP3	325	2	23	15	4	1	0	3460	0
57325	1785531505-KTP3	326	2	17	23	5	0	0	2369	2
57326	1785531505-KTP3	331	2	14	18	1	0	0	2246	3
57327	1785531505-KTP3	334	2	19	16	0	1	0	3320	2
57328	1785531505-KTP3	336	2	19	17	4	0	0	2568	5
57329	1785531505-KTP3	339	2	18	14	2	0	0	2854	1
57330	1785531505-KTP3	343	2	17	18	3	0	0	2720	1
57334	1785531505-KTP3	295	0	31	41	4	5	0	5302	1
57335	1785531505-KTP3	302	0	40	44	8	1	0	7338	3
57336	1785531505-KTP3	304	0	52	34	5	0	0	8510	4
57337	1785531505-KTP3	306	0	26	46	8	3	0	4569	6
57338	1785531505-KTP3	323	0	48	40	3	2	0	7711	4
57339	1785531505-KTP3	325	0	47	33	4	1	0	7114	2
57340	1785531505-KTP3	326	0	27	40	8	0	0	4609	5
57341	1785531505-KTP3	331	0	39	31	4	0	0	5763	3
57342	1785531505-KTP3	334	0	34	34	2	2	0	5945	2
57343	1785531505-KTP3	336	0	37	39	6	0	0	5515	8
57344	1785531505-KTP3	339	0	32	33	3	0	0	5115	1
57345	1785531505-KTP3	343	0	36	34	5	0	0	5564	3
57349	1785531505-KTP5	289	1	37	32	3	1	0	6166	5
57350	1785531505-KTP5	291	1	27	25	6	0	0	3747	2
57351	1785531505-KTP5	294	1	16	28	2	1	0	2664	4
57352	1785531505-KTP5	297	1	25	25	1	0	0	3993	3
57353	1785531505-KTP5	309	1	19	36	2	1	0	3758	4
57354	1785531505-KTP5	310	1	33	28	4	1	0	5706	9
57355	1785531505-KTP5	311	1	35	26	5	1	0	6670	3
57356	1785531505-KTP5	327	1	27	24	7	1	0	4715	5
57357	1785531505-KTP5	328	1	27	25	3	0	0	4613	2
57358	1785531505-KTP5	332	1	43	28	3	0	0	6710	7
57359	1785531505-KTP5	335	1	27	25	1	0	0	4137	3
57360	1785531505-KTP5	340	1	15	29	1	2	0	2667	7
57364	1785531505-KTP5	289	2	35	32	3	2	0	6033	3
57365	1785531505-KTP5	291	2	37	27	3	0	0	5734	0
57366	1785531505-KTP5	294	2	20	25	0	0	0	2719	6
57367	1785531505-KTP5	297	2	20	30	1	0	0	2730	4
57368	1785531505-KTP5	309	2	13	35	4	0	0	2068	1
57369	1785531505-KTP5	310	2	43	32	5	0	0	6701	5
57370	1785531505-KTP5	311	2	22	30	2	1	0	4414	2
57371	1785531505-KTP5	327	2	44	23	7	1	0	7149	6
57372	1785531505-KTP5	328	2	29	26	2	0	0	4589	2
57373	1785531505-KTP5	332	2	36	29	5	0	0	6586	2
57374	1785531505-KTP5	335	2	28	24	1	0	0	3941	4
57375	1785531505-KTP5	340	2	18	32	1	1	0	2646	3
57379	1785531505-KTP5	289	0	72	64	6	3	0	12199	8
57380	1785531505-KTP5	291	0	64	52	9	0	0	9481	2
57381	1785531505-KTP5	294	0	36	53	2	1	0	5383	10
57382	1785531505-KTP5	297	0	45	55	2	0	0	6723	7
57383	1785531505-KTP5	309	0	32	71	6	1	0	5826	5
57384	1785531505-KTP5	310	0	76	60	9	1	0	12407	14
57385	1785531505-KTP5	311	0	57	56	7	2	0	11084	5
57386	1785531505-KTP5	327	0	71	47	14	2	0	11864	11
57387	1785531505-KTP5	328	0	56	51	5	0	0	9202	4
57388	1785531505-KTP5	332	0	79	57	8	0	0	13296	9
57389	1785531505-KTP5	335	0	55	49	2	0	0	8078	7
57390	1785531505-KTP5	340	0	33	61	2	3	0	5313	10
57394	1785541397-KTP2	289	1	20	31	1	0	0	3297	9
57395	1785541397-KTP2	291	1	24	25	6	2	0	3764	7
57396	1785541397-KTP2	300	1	29	19	3	0	0	4395	11
57397	1785541397-KTP2	304	1	35	23	3	0	0	5220	8
57398	1785541397-KTP2	310	1	15	15	2	1	0	2519	4
57399	1785541397-KTP2	313	1	23	28	5	0	0	4381	6
57400	1785541397-KTP2	314	1	16	23	1	0	0	3716	8
57401	1785541397-KTP2	320	1	25	16	1	0	0	3556	5
57402	1785541397-KTP2	323	1	27	27	4	0	0	4277	9
57403	1785541397-KTP2	327	1	22	26	5	0	0	3219	8
57404	1785541397-KTP2	338	1	18	22	0	0	0	2437	12
57405	1785541397-KTP2	348	1	28	27	2	0	0	4686	7
57409	1785541397-KTP2	289	2	28	21	3	0	0	4180	16
57410	1785541397-KTP2	291	2	30	28	2	0	0	4940	6
57411	1785541397-KTP2	300	2	23	21	2	1	0	2903	10
57412	1785541397-KTP2	304	2	27	25	2	2	0	5290	8
57413	1785541397-KTP2	310	2	23	11	3	1	0	3570	16
57414	1785541397-KTP2	313	2	20	25	1	0	0	3186	11
57415	1785541397-KTP2	314	2	12	22	0	0	0	2037	12
57416	1785541397-KTP2	320	2	17	20	2	0	0	2761	6
57417	1785541397-KTP2	323	2	19	26	1	0	0	3123	7
57418	1785541397-KTP2	327	2	27	27	5	0	0	4101	13
57419	1785541397-KTP2	338	2	16	25	1	0	0	2183	9
57420	1785541397-KTP2	348	2	31	22	6	0	0	5672	12
57424	1785541397-KTP2	289	0	48	52	4	0	0	7477	25
57425	1785541397-KTP2	291	0	54	53	8	2	0	8704	13
57426	1785541397-KTP2	300	0	52	40	5	1	0	7298	21
57427	1785541397-KTP2	304	0	62	48	5	2	0	10510	16
57428	1785541397-KTP2	310	0	38	26	5	2	0	6089	20
57429	1785541397-KTP2	313	0	43	53	6	0	0	7567	17
57430	1785541397-KTP2	314	0	28	45	1	0	0	5753	20
57431	1785541397-KTP2	320	0	42	36	3	0	0	6317	11
57432	1785541397-KTP2	323	0	46	53	5	0	0	7400	16
57433	1785541397-KTP2	327	0	49	53	10	0	0	7320	21
57434	1785541397-KTP2	338	0	34	47	1	0	0	4620	21
57435	1785541397-KTP2	348	0	59	49	8	0	0	10358	19
57439	1785541584-KTP4	298	1	34	29	3	2	0	5818	7
57440	1785541584-KTP4	315	1	28	27	3	2	0	4883	11
57441	1785541584-KTP4	316	1	23	25	2	1	0	3652	9
57442	1785541584-KTP4	319	1	20	31	4	1	0	3901	6
57443	1785541584-KTP4	321	1	30	30	3	0	0	5145	6
57444	1785541584-KTP4	328	1	17	25	1	0	0	3040	6
57445	1785541584-KTP4	333	1	28	25	4	1	0	4890	7
57446	1785541584-KTP4	335	1	18	19	3	0	0	2971	11
57447	1785541584-KTP4	336	1	24	22	6	0	0	3135	6
57448	1785541584-KTP4	337	1	30	22	5	0	0	5913	10
57449	1785541584-KTP4	343	1	16	31	6	0	0	2790	3
57450	1785541584-KTP4	347	1	39	21	4	0	0	5639	10
57454	1785541584-KTP4	298	2	24	31	4	1	0	3649	5
57455	1785541584-KTP4	315	2	29	21	2	0	0	5041	9
57456	1785541584-KTP4	316	2	19	25	4	1	0	2707	9
57457	1785541584-KTP4	319	2	24	30	2	2	0	4354	8
57458	1785541584-KTP4	321	2	26	30	1	0	0	3926	7
57459	1785541584-KTP4	328	2	30	26	2	0	0	5146	4
57460	1785541584-KTP4	333	2	30	29	7	0	0	3425	8
57461	1785541584-KTP4	335	2	18	24	3	1	0	3200	3
57462	1785541584-KTP4	336	2	29	23	3	0	0	4500	7
57463	1785541584-KTP4	337	2	22	29	8	0	0	3705	2
57464	1785541584-KTP4	343	2	34	24	9	0	0	5670	4
57465	1785541584-KTP4	347	2	29	22	3	2	0	4900	5
57469	1785541584-KTP4	298	0	58	60	7	3	0	9467	12
57470	1785541584-KTP4	315	0	57	48	5	2	0	9924	20
57471	1785541584-KTP4	316	0	42	50	6	2	0	6359	18
57472	1785541584-KTP4	319	0	44	61	6	3	0	8255	14
57473	1785541584-KTP4	321	0	56	60	4	0	0	9071	13
57474	1785541584-KTP4	328	0	47	51	3	0	0	8186	10
57475	1785541584-KTP4	333	0	58	54	11	1	0	8315	15
57476	1785541584-KTP4	335	0	36	43	6	1	0	6171	14
57477	1785541584-KTP4	336	0	53	45	9	0	0	7635	13
57478	1785541584-KTP4	337	0	52	51	13	0	0	9618	12
57479	1785541584-KTP4	343	0	50	55	15	0	0	8460	7
57480	1785541584-KTP4	347	0	68	43	7	2	0	10539	15
57484	1785541741-KTP5	290	1	37	24	2	0	0	5326	4
57485	1785541741-KTP5	292	1	35	29	3	1	0	5596	12
57486	1785541741-KTP5	293	1	25	23	2	1	0	4385	5
57487	1785541741-KTP5	295	1	15	26	2	1	0	2645	10
57488	1785541741-KTP5	297	1	9	23	2	0	0	1979	12
57489	1785541741-KTP5	301	1	38	30	3	0	0	5788	6
57490	1785541741-KTP5	307	1	29	34	3	4	0	4655	6
57491	1785541741-KTP5	322	1	22	18	5	1	0	3573	15
57492	1785541741-KTP5	324	1	26	19	5	0	0	4215	17
57493	1785541741-KTP5	325	1	18	26	1	3	0	3789	1
57494	1785541741-KTP5	341	1	27	21	2	1	0	3878	9
57495	1785541741-KTP5	344	1	20	28	5	0	0	3010	5
57499	1785541741-KTP5	290	2	29	25	2	0	0	4470	7
57500	1785541741-KTP5	292	2	33	31	7	1	0	4373	5
57501	1785541741-KTP5	293	2	27	27	0	0	0	3722	10
57502	1785541741-KTP5	295	2	12	26	0	2	0	2077	8
57503	1785541741-KTP5	297	2	20	25	5	0	0	2504	15
57504	1785541741-KTP5	301	2	32	35	1	2	0	5100	11
57505	1785541741-KTP5	307	2	40	31	4	1	0	6010	8
57506	1785541741-KTP5	322	2	22	19	5	1	0	4299	14
57507	1785541741-KTP5	324	2	30	24	1	0	0	4847	19
57508	1785541741-KTP5	325	2	26	20	4	1	0	5034	9
57509	1785541741-KTP5	341	2	29	19	5	2	0	5116	15
57510	1785541741-KTP5	344	2	14	32	1	0	0	1655	9
57514	1785541741-KTP5	290	0	66	49	4	0	0	9796	11
57515	1785541741-KTP5	292	0	68	60	10	2	0	9969	17
57516	1785541741-KTP5	293	0	52	50	2	1	0	8107	15
57517	1785541741-KTP5	295	0	27	52	2	3	0	4722	18
57518	1785541741-KTP5	297	0	29	48	7	0	0	4483	27
57519	1785541741-KTP5	301	0	70	65	4	2	0	10888	17
57520	1785541741-KTP5	307	0	69	65	7	5	0	10665	14
57521	1785541741-KTP5	322	0	44	37	10	2	0	7872	29
57522	1785541741-KTP5	324	0	56	43	6	0	0	9062	36
57523	1785541741-KTP5	325	0	44	46	5	4	0	8823	10
57524	1785541741-KTP5	341	0	56	40	7	3	0	8994	24
57525	1785541741-KTP5	344	0	34	60	6	0	0	4665	14
57529	1785544360-KTP2	289	1	30	25	4	1	0	4952	2
57530	1785544360-KTP2	291	1	17	25	0	0	0	3089	6
57531	1785544360-KTP2	300	1	16	23	1	0	0	3166	5
57532	1785544360-KTP2	304	1	27	27	2	0	0	4577	9
57533	1785544360-KTP2	310	1	16	21	0	0	0	2613	4
57534	1785544360-KTP2	313	1	27	16	7	1	0	6455	10
57535	1785544360-KTP2	314	1	12	21	3	0	0	2948	4
57536	1785544360-KTP2	320	1	24	23	1	0	0	4000	5
57537	1785544360-KTP2	323	1	34	27	4	0	0	6333	5
57538	1785544360-KTP2	327	1	27	24	7	0	0	5489	4
57539	1785544360-KTP2	338	1	24	25	6	2	0	4477	4
57540	1785544360-KTP2	348	1	23	20	2	0	0	3967	3
57544	1785544360-KTP2	289	2	27	21	0	1	0	3813	5
57545	1785544360-KTP2	291	2	18	30	4	0	0	2838	3
57546	1785544360-KTP2	300	2	33	24	2	2	0	5389	3
57547	1785544360-KTP2	304	2	25	24	4	0	0	4460	6
57548	1785544360-KTP2	310	2	19	13	3	0	0	3002	7
57549	1785544360-KTP2	313	2	29	24	3	1	0	4791	5
57550	1785544360-KTP2	314	2	16	24	0	1	0	2889	0
57551	1785544360-KTP2	320	2	17	23	1	0	0	2450	2
57552	1785544360-KTP2	323	2	28	27	1	0	0	4061	1
57553	1785544360-KTP2	327	2	28	28	6	0	0	3733	1
57554	1785544360-KTP2	338	2	21	31	1	2	0	3319	3
57555	1785544360-KTP2	348	2	31	23	4	1	0	5871	4
57559	1785544360-KTP2	289	0	57	46	4	2	0	8765	7
57560	1785544360-KTP2	291	0	35	55	4	0	0	5927	9
57561	1785544360-KTP2	300	0	49	47	3	2	0	8555	8
57562	1785544360-KTP2	304	0	52	51	6	0	0	9037	15
57563	1785544360-KTP2	310	0	35	34	3	0	0	5615	11
57564	1785544360-KTP2	313	0	56	40	10	2	0	11246	15
57565	1785544360-KTP2	314	0	28	45	3	1	0	5837	4
57566	1785544360-KTP2	320	0	41	46	2	0	0	6450	7
57567	1785544360-KTP2	323	0	62	54	5	0	0	10394	6
57568	1785544360-KTP2	327	0	55	52	13	0	0	9222	5
57569	1785544360-KTP2	338	0	45	56	7	4	0	7796	7
57570	1785544360-KTP2	348	0	54	43	6	1	0	9838	7
57574	1785545280-KTP4	298	1	46	23	8	0	0	7162	1
57575	1785545280-KTP4	315	1	22	27	2	1	0	4380	1
57576	1785545280-KTP4	316	1	33	26	5	0	0	5839	5
57577	1785545280-KTP4	319	1	18	35	3	0	0	3633	2
57578	1785545280-KTP4	321	1	30	30	1	0	0	4438	2
57579	1785545280-KTP4	328	1	21	24	4	0	0	3675	3
57580	1785545280-KTP4	333	1	24	25	3	1	0	4059	1
57581	1785545280-KTP4	335	1	24	22	1	1	0	3621	0
57582	1785545280-KTP4	336	1	18	31	2	0	0	2047	2
57583	1785545280-KTP4	337	1	31	23	3	0	0	4901	10
57584	1785545280-KTP4	343	1	18	27	3	2	0	3266	0
57585	1785545280-KTP4	347	1	30	22	10	2	0	6093	7
57589	1785545280-KTP4	298	2	28	27	6	0	0	4839	1
57590	1785545280-KTP4	315	2	30	24	6	0	0	5621	4
57591	1785545280-KTP4	316	2	23	22	0	0	0	3669	2
57592	1785545280-KTP4	319	2	11	22	0	2	0	2104	9
57593	1785545280-KTP4	321	2	17	26	3	1	0	3827	6
57594	1785545280-KTP4	328	2	26	19	5	0	0	5051	2
57595	1785545280-KTP4	333	2	13	25	2	0	0	2958	4
57596	1785545280-KTP4	335	2	22	23	5	0	0	4210	6
57597	1785545280-KTP4	336	2	27	27	4	1	0	4958	1
57598	1785545280-KTP4	337	2	21	20	6	0	0	4182	3
57599	1785545280-KTP4	343	2	30	22	5	0	0	5449	3
57600	1785545280-KTP4	347	2	33	24	8	1	0	6379	8
57604	1785545280-KTP4	298	0	74	50	14	0	0	12001	2
57605	1785545280-KTP4	315	0	52	51	8	1	0	10001	5
57606	1785545280-KTP4	316	0	56	48	5	0	0	9508	7
57607	1785545280-KTP4	319	0	29	57	3	2	0	5737	11
57608	1785545280-KTP4	321	0	47	56	4	1	0	8265	8
57609	1785545280-KTP4	328	0	47	43	9	0	0	8726	5
57610	1785545280-KTP4	333	0	37	50	5	1	0	7017	5
57611	1785545280-KTP4	335	0	46	45	6	1	0	7831	6
57612	1785545280-KTP4	336	0	45	58	6	1	0	7005	3
57613	1785545280-KTP4	337	0	52	43	9	0	0	9083	13
57614	1785545280-KTP4	343	0	48	49	8	2	0	8715	3
57615	1785545280-KTP4	347	0	63	46	18	3	0	12472	15
57619	1785545144-KTP1	288	1	32	26	6	0	0	5083	3
57620	1785545144-KTP1	290	1	36	18	2	0	0	6005	2
57621	1785545144-KTP1	292	1	31	24	4	1	0	4394	6
57622	1785545144-KTP1	293	1	23	30	0	1	0	3393	2
57623	1785545144-KTP1	294	1	17	22	1	2	0	3068	0
57624	1785545144-KTP1	295	1	19	32	5	1	0	2872	1
57625	1785545144-KTP1	296	1	20	26	3	0	0	3500	6
57626	1785545144-KTP1	299	1	28	17	4	0	0	4784	6
57627	1785545144-KTP1	301	1	19	31	1	0	0	3123	4
57628	1785545144-KTP1	309	1	27	25	6	0	0	4202	7
57629	1785545144-KTP1	334	1	23	23	2	0	0	3952	1
57630	1785545144-KTP1	339	1	26	27	3	2	0	4092	5
57634	1785545144-KTP1	288	2	15	24	2	0	0	3377	5
57635	1785545144-KTP1	290	2	29	23	2	1	0	5517	3
57636	1785545144-KTP1	292	2	31	21	2	1	0	4465	5
57637	1785545144-KTP1	293	2	20	20	1	0	0	3474	2
57638	1785545144-KTP1	294	2	21	24	5	0	0	4406	8
57639	1785545144-KTP1	295	2	18	25	4	4	0	4468	6
57640	1785545144-KTP1	296	2	22	25	4	0	0	4274	6
57641	1785545144-KTP1	299	2	23	16	3	1	0	5226	3
57642	1785545144-KTP1	301	2	28	26	4	0	0	5108	3
57643	1785545144-KTP1	309	2	31	29	3	0	0	4142	5
57644	1785545144-KTP1	334	2	19	22	8	1	0	4741	7
57645	1785545144-KTP1	339	2	21	23	3	0	0	3776	11
57649	1785545144-KTP1	288	0	47	50	8	0	0	8460	8
57650	1785545144-KTP1	290	0	65	41	4	1	0	11522	5
57651	1785545144-KTP1	292	0	62	45	6	2	0	8859	11
57652	1785545144-KTP1	293	0	43	50	1	1	0	6867	4
57653	1785545144-KTP1	294	0	38	46	6	2	0	7474	8
57654	1785545144-KTP1	295	0	37	57	9	5	0	7340	7
57655	1785545144-KTP1	296	0	42	51	7	0	0	7774	12
57656	1785545144-KTP1	299	0	51	33	7	1	0	10010	9
57657	1785545144-KTP1	301	0	47	57	5	0	0	8231	7
57658	1785545144-KTP1	309	0	58	54	9	0	0	8344	12
57659	1785545144-KTP1	334	0	42	45	10	1	0	8693	8
57660	1785545144-KTP1	339	0	47	50	6	2	0	7868	16
57664	1785546615-KTP3	305	1	32	26	13	0	0	0	1
57665	1785546615-KTP3	306	1	23	23	4	1	0	0	9
57666	1785546615-KTP3	308	1	16	30	3	0	0	0	8
57667	1785546615-KTP3	311	1	27	21	4	0	0	0	7
57668	1785546615-KTP3	317	1	24	21	1	0	0	0	3
57669	1785546615-KTP3	326	1	22	26	8	0	0	0	9
57670	1785546615-KTP3	330	1	20	23	10	2	0	0	5
57671	1785546615-KTP3	331	1	34	21	4	0	0	0	3
57672	1785546615-KTP3	332	1	30	29	3	0	0	0	3
57673	1785546615-KTP3	342	1	22	21	3	2	0	0	16
57674	1785546615-KTP3	345	1	23	33	5	1	0	0	1
57675	1785546615-KTP3	350	1	26	25	2	0	0	0	6
57679	1785546615-KTP3	305	2	50	29	13	3	0	8484	5
57680	1785546615-KTP3	306	2	13	37	1	1	0	1712	4
57681	1785546615-KTP3	308	2	33	23	3	1	0	4777	1
57682	1785546615-KTP3	311	2	36	22	3	0	0	5687	7
57683	1785546615-KTP3	317	2	21	31	2	2	0	4602	11
57684	1785546615-KTP3	326	2	29	26	3	0	0	5386	13
57685	1785546615-KTP3	330	2	23	22	4	0	0	4024	6
57686	1785546615-KTP3	331	2	49	24	4	0	0	7915	6
57687	1785546615-KTP3	332	2	23	41	1	0	0	3500	8
57688	1785546615-KTP3	342	2	24	28	4	0	0	4932	8
57689	1785546615-KTP3	345	2	25	28	9	0	0	3942	11
57690	1785546615-KTP3	350	2	19	34	2	0	0	3085	5
57694	1785546615-KTP3	305	0	82	55	26	3	0	8484	6
57695	1785546615-KTP3	306	0	36	60	5	2	0	1712	13
57696	1785546615-KTP3	308	0	49	53	6	1	0	4777	9
57697	1785546615-KTP3	311	0	63	43	7	0	0	5687	14
57698	1785546615-KTP3	317	0	45	52	3	2	0	4602	14
57699	1785546615-KTP3	326	0	51	52	11	0	0	5386	22
57700	1785546615-KTP3	330	0	43	45	14	2	0	4024	11
57701	1785546615-KTP3	331	0	83	45	8	0	0	7915	9
57702	1785546615-KTP3	332	0	53	70	4	0	0	3500	11
57703	1785546615-KTP3	342	0	46	49	7	2	0	4932	24
57704	1785546615-KTP3	345	0	48	61	14	1	0	3942	12
57705	1785546615-KTP3	350	0	45	59	4	0	0	3085	11
57709	1785548937-KTP1	292	1	25	30	2	1	0	4391	8
57710	1785548937-KTP1	293	1	20	26	1	0	0	2968	11
57711	1785548937-KTP1	294	1	9	26	1	0	0	1580	11
57712	1785548937-KTP1	295	1	25	24	0	0	0	3436	6
57713	1785548937-KTP1	301	1	40	26	2	1	0	6106	5
57714	1785548937-KTP1	302	1	28	30	2	1	0	4742	12
57715	1785548937-KTP1	312	1	26	20	1	1	0	4014	8
57716	1785548937-KTP1	318	1	26	23	4	0	0	3167	15
57717	1785548937-KTP1	322	1	22	24	3	1	0	3782	9
57718	1785548937-KTP1	324	1	35	25	3	0	0	5338	9
57719	1785548937-KTP1	325	1	26	28	2	0	0	4260	6
57720	1785548937-KTP1	341	1	27	27	4	1	0	3642	8
57724	1785548937-KTP1	292	2	24	23	7	0	0	3321	14
57725	1785548937-KTP1	293	2	27	19	2	2	0	4136	17
57726	1785548937-KTP1	294	2	18	21	2	0	0	2999	18
57727	1785548937-KTP1	295	2	20	25	7	1	0	2931	12
57728	1785548937-KTP1	301	2	23	29	1	0	0	3539	7
57729	1785548937-KTP1	302	2	39	20	7	0	0	6448	14
57730	1785548937-KTP1	312	2	18	23	2	0	0	2782	11
57731	1785548937-KTP1	318	2	22	30	2	0	0	3292	8
57732	1785548937-KTP1	322	2	11	26	1	0	0	2357	14
57733	1785548937-KTP1	324	2	29	23	6	1	0	5907	8
57734	1785548937-KTP1	325	2	26	23	5	0	0	4721	3
57735	1785548937-KTP1	341	2	31	26	4	0	0	4906	19
57739	1785548937-KTP1	292	0	49	53	9	1	0	7712	22
57740	1785548937-KTP1	293	0	47	45	3	2	0	7104	28
57741	1785548937-KTP1	294	0	27	47	3	0	0	4579	29
57742	1785548937-KTP1	295	0	45	49	7	1	0	6367	18
57743	1785548937-KTP1	301	0	63	55	3	1	0	9645	12
57744	1785548937-KTP1	302	0	67	50	9	1	0	11190	26
57745	1785548937-KTP1	312	0	44	43	3	1	0	6796	19
57746	1785548937-KTP1	318	0	48	53	6	0	0	6459	23
57747	1785548937-KTP1	322	0	33	50	4	1	0	6139	23
57748	1785548937-KTP1	324	0	64	48	9	1	0	11245	17
57749	1785548937-KTP1	325	0	52	51	7	0	0	8981	9
57750	1785548937-KTP1	341	0	58	53	8	1	0	8548	27
57754	1785549132-KTP4	288	1	31	23	4	0	0	4415	3
57755	1785549132-KTP4	290	1	29	21	2	0	0	4902	2
57756	1785549132-KTP4	296	1	12	28	0	1	0	2203	2
57757	1785549132-KTP4	298	1	24	30	5	2	0	4157	2
57758	1785549132-KTP4	299	1	25	17	2	1	0	3756	3
57759	1785549132-KTP4	309	1	24	21	7	1	0	3211	0
57760	1785549132-KTP4	328	1	23	21	2	0	0	4126	2
57761	1785549132-KTP4	333	1	17	24	2	0	0	2770	1
57762	1785549132-KTP4	334	1	26	18	2	0	0	4007	3
57763	1785549132-KTP4	335	1	22	22	2	0	0	3240	1
57764	1785549132-KTP4	337	1	27	26	2	1	0	4432	5
57765	1785549132-KTP4	347	1	15	24	4	0	0	3363	1
57769	1785549132-KTP4	288	2	26	25	2	1	0	3539	2
57770	1785549132-KTP4	290	2	27	25	4	1	0	4488	0
57771	1785549132-KTP4	296	2	17	23	0	0	0	2610	3
57772	1785549132-KTP4	298	2	22	27	4	0	0	3137	1
57773	1785549132-KTP4	299	2	33	20	5	0	0	5360	5
57774	1785549132-KTP4	309	2	26	23	5	0	0	4194	1
57775	1785549132-KTP4	328	2	20	25	1	0	0	2733	0
57776	1785549132-KTP4	333	2	20	22	5	0	0	3507	3
57777	1785549132-KTP4	334	2	20	19	1	2	0	3515	4
57778	1785549132-KTP4	335	2	29	22	2	0	0	4425	6
57779	1785549132-KTP4	337	2	16	29	2	0	0	3072	5
57780	1785549132-KTP4	347	2	28	24	2	1	0	5105	0
57784	1785549132-KTP4	288	0	57	48	6	1	0	7954	5
57785	1785549132-KTP4	290	0	56	46	6	1	0	9390	2
57786	1785549132-KTP4	296	0	29	51	0	1	0	4813	5
57787	1785549132-KTP4	298	0	46	57	9	2	0	7294	3
57788	1785549132-KTP4	299	0	58	37	7	1	0	9116	8
57789	1785549132-KTP4	309	0	50	44	12	1	0	7405	1
57790	1785549132-KTP4	328	0	43	46	3	0	0	6859	2
57791	1785549132-KTP4	333	0	37	46	7	0	0	6277	4
57792	1785549132-KTP4	334	0	46	37	3	2	0	7522	7
57793	1785549132-KTP4	335	0	51	44	4	0	0	7665	7
57794	1785549132-KTP4	337	0	43	55	4	1	0	7504	10
57795	1785549132-KTP4	347	0	43	48	6	1	0	8468	1
57799	1785550090-KTP3	305	1	30	28	7	0	0	4966	5
57800	1785550090-KTP3	306	1	19	20	1	1	0	2920	2
57801	1785550090-KTP3	308	1	31	16	6	0	0	5506	1
57802	1785550090-KTP3	311	1	25	20	0	0	0	4113	5
57803	1785550090-KTP3	317	1	13	29	1	1	0	2374	2
57804	1785550090-KTP3	326	1	33	21	9	1	0	6302	4
57805	1785550090-KTP3	330	1	20	24	2	0	0	3113	2
57806	1785550090-KTP3	331	1	34	20	2	0	0	5219	4
57807	1785550090-KTP3	332	1	18	35	3	0	0	3221	5
57808	1785550090-KTP3	342	1	25	27	2	0	0	3955	3
57809	1785550090-KTP3	345	1	27	22	8	0	0	3210	4
57810	1785550090-KTP3	350	1	13	26	0	0	0	1751	3
57814	1785550090-KTP3	305	2	29	23	5	1	0	4532	2
57815	1785550090-KTP3	306	2	7	21	1	1	0	2216	4
57816	1785550090-KTP3	308	2	25	17	4	1	0	4593	2
57817	1785550090-KTP3	311	2	37	18	2	0	0	5517	2
57818	1785550090-KTP3	317	2	16	21	2	1	0	3203	8
57819	1785550090-KTP3	326	2	16	24	5	0	0	3766	2
57820	1785550090-KTP3	330	2	19	19	6	0	0	2685	4
57821	1785550090-KTP3	331	2	37	21	5	1	0	6861	4
57822	1785550090-KTP3	332	2	20	31	1	0	0	3367	4
57823	1785550090-KTP3	342	2	27	24	7	0	0	5826	0
57824	1785550090-KTP3	345	2	18	24	6	0	0	3017	1
57825	1785550090-KTP3	350	2	14	22	0	1	0	2108	2
57829	1785550090-KTP3	305	0	59	51	12	1	0	9498	7
57830	1785550090-KTP3	306	0	26	41	2	2	0	5136	6
57831	1785550090-KTP3	308	0	56	33	10	1	0	10099	3
57832	1785550090-KTP3	311	0	62	38	2	0	0	9630	7
57833	1785550090-KTP3	317	0	29	50	3	2	0	5577	10
57834	1785550090-KTP3	326	0	49	45	14	1	0	10068	6
57835	1785550090-KTP3	330	0	39	43	8	0	0	5798	6
57836	1785550090-KTP3	331	0	71	41	7	1	0	12080	8
57837	1785550090-KTP3	332	0	38	66	4	0	0	6588	9
57838	1785550090-KTP3	342	0	52	51	9	0	0	9781	3
57839	1785550090-KTP3	345	0	45	46	14	0	0	6227	5
57840	1785550090-KTP3	350	0	27	48	0	1	0	3859	5
57844	1785552718-KTP1	292	1	21	31	7	0	0	3104	0
57845	1785552718-KTP1	293	1	15	27	2	1	0	2627	2
57846	1785552718-KTP1	294	1	21	28	0	0	0	2663	5
57847	1785552718-KTP1	301	1	21	31	0	1	0	3413	3
57848	1785552718-KTP1	302	1	32	28	2	0	0	4683	6
57849	1785552718-KTP1	312	1	23	19	0	0	0	3090	5
57850	1785552718-KTP1	318	1	28	21	5	0	0	4949	4
57851	1785552718-KTP1	322	1	19	20	3	0	0	3544	2
57852	1785552718-KTP1	324	1	38	22	4	0	0	6292	4
57853	1785552718-KTP1	325	1	18	24	2	0	0	3418	4
57854	1785552718-KTP1	339	1	18	22	3	1	0	2996	4
57855	1785552718-KTP1	341	1	41	22	4	2	0	5620	5
57859	1785552718-KTP1	292	2	25	26	7	3	0	4520	6
57860	1785552718-KTP1	293	2	27	28	2	1	0	3783	2
57861	1785552718-KTP1	294	2	26	23	2	1	0	4551	7
57862	1785552718-KTP1	301	2	26	27	0	2	0	3878	7
57863	1785552718-KTP1	302	2	19	28	3	0	0	3553	4
57864	1785552718-KTP1	312	2	18	26	2	0	0	2824	4
57865	1785552718-KTP1	318	2	30	23	5	1	0	4495	2
57866	1785552718-KTP1	322	2	16	24	3	0	0	0	3
57867	1785552718-KTP1	324	2	28	21	4	0	0	0	4
57868	1785552718-KTP1	325	2	32	24	3	0	0	0	2
57869	1785552718-KTP1	339	2	21	12	1	0	0	0	8
57870	1785552718-KTP1	341	2	20	26	2	0	0	0	7
57874	1785552718-KTP1	292	0	46	57	14	3	0	7624	6
57875	1785552718-KTP1	293	0	42	55	4	2	0	6410	4
57876	1785552718-KTP1	294	0	47	51	2	1	0	7214	12
57877	1785552718-KTP1	301	0	47	58	0	3	0	7291	10
57878	1785552718-KTP1	302	0	51	56	5	0	0	8236	10
57879	1785552718-KTP1	312	0	41	45	2	0	0	5914	9
57880	1785552718-KTP1	318	0	58	44	10	1	0	9444	6
57881	1785552718-KTP1	322	0	35	44	6	0	0	3544	5
57882	1785552718-KTP1	324	0	66	43	8	0	0	6292	8
57883	1785552718-KTP1	325	0	50	48	5	0	0	3418	6
57884	1785552718-KTP1	339	0	39	34	4	1	0	2996	12
57885	1785552718-KTP1	341	0	61	48	6	2	0	5620	12
57889	1785554468-KTP2	290	1	17	16	5	0	0	3506	6
57890	1785554468-KTP2	295	1	13	18	2	2	0	2491	5
57891	1785554468-KTP2	298	1	25	16	4	0	0	4134	5
57892	1785554468-KTP2	299	1	16	18	3	2	0	3547	2
57893	1785554468-KTP2	317	1	15	20	0	1	0	2517	4
57894	1785554468-KTP2	328	1	22	13	4	0	0	3813	7
57895	1785554468-KTP2	334	1	7	26	0	0	0	1123	4
57896	1785554468-KTP2	336	1	13	20	1	0	0	2353	1
57897	1785554468-KTP2	337	1	37	17	8	0	0	6847	0
57898	1785554468-KTP2	342	1	17	26	1	0	0	2622	4
57899	1785554468-KTP2	343	1	25	20	8	0	0	3158	1
57900	1785554468-KTP2	350	1	16	13	3	0	0	2455	6
57904	1785554468-KTP2	290	2	16	15	1	2	0	3156	4
57905	1785554468-KTP2	295	2	18	21	0	1	0	2441	3
57906	1785554468-KTP2	298	2	26	19	5	0	0	3948	1
57907	1785554468-KTP2	299	2	24	19	5	0	0	4708	2
57908	1785554468-KTP2	317	2	16	23	2	0	0	2444	6
57909	1785554468-KTP2	328	2	24	14	0	1	0	4057	2
57910	1785554468-KTP2	334	2	15	16	0	2	0	2944	2
57911	1785554468-KTP2	336	2	21	19	3	0	0	2980	3
57912	1785554468-KTP2	337	2	25	19	6	0	0	4879	5
57913	1785554468-KTP2	342	2	17	26	1	0	0	2582	1
57914	1785554468-KTP2	343	2	12	21	0	0	0	1812	1
57915	1785554468-KTP2	350	2	15	17	0	1	0	1975	6
57919	1785554468-KTP2	290	0	33	31	6	2	0	6662	10
57920	1785554468-KTP2	295	0	31	39	2	3	0	4932	8
57921	1785554468-KTP2	298	0	51	35	9	0	0	8082	6
57922	1785554468-KTP2	299	0	40	37	8	2	0	8255	4
57923	1785554468-KTP2	317	0	31	43	2	1	0	4961	10
57924	1785554468-KTP2	328	0	46	27	4	1	0	7870	9
57925	1785554468-KTP2	334	0	22	42	0	2	0	4067	6
57926	1785554468-KTP2	336	0	34	39	4	0	0	5333	4
57927	1785554468-KTP2	337	0	62	36	14	0	0	11726	5
57928	1785554468-KTP2	342	0	34	52	2	0	0	5204	5
57929	1785554468-KTP2	343	0	37	41	8	0	0	4970	2
57930	1785554468-KTP2	350	0	31	30	3	1	0	4430	12
57934	1785558420-KTP1	290	1	43	24	6	0	0	7108	4
57935	1785558420-KTP1	293	1	38	25	2	0	0	4946	4
57936	1785558420-KTP1	294	1	20	32	4	2	0	4089	5
57937	1785558420-KTP1	295	1	24	24	9	1	0	4052	5
57938	1785558420-KTP1	299	1	30	25	3	1	0	4626	2
57939	1785558420-KTP1	301	1	39	30	3	1	0	6394	12
57940	1785558420-KTP1	302	1	38	34	10	1	0	6421	9
57941	1785558420-KTP1	309	1	24	29	7	0	0	3738	9
57942	1785558420-KTP1	332	1	15	37	4	0	0	3514	5
57943	1785558420-KTP1	334	1	25	26	6	0	0	4051	9
57944	1785558420-KTP1	339	1	28	32	11	0	0	3812	14
57945	1785558420-KTP1	350	1	19	25	3	0	0	3746	11
57949	1785558420-KTP1	290	2	42	23	2	0	0	6460	0
57950	1785558420-KTP1	293	2	44	26	5	0	0	7846	10
57951	1785558420-KTP1	294	2	23	29	5	0	0	3131	6
57952	1785558420-KTP1	295	2	30	24	2	3	0	5017	11
57953	1785558420-KTP1	299	2	29	21	5	4	0	5259	4
57954	1785558420-KTP1	301	2	27	26	4	1	0	4779	7
57955	1785558420-KTP1	302	2	27	30	15	2	0	4467	8
57956	1785558420-KTP1	309	2	22	28	6	0	0	3046	3
57957	1785558420-KTP1	332	2	24	38	4	1	0	4677	7
57958	1785558420-KTP1	334	2	28	26	8	1	0	5069	7
57959	1785558420-KTP1	339	2	17	25	5	0	0	3295	9
57960	1785558420-KTP1	350	2	12	29	2	0	0	1946	8
57964	1785558420-KTP1	290	0	85	47	8	0	0	13568	4
57965	1785558420-KTP1	293	0	82	51	7	0	0	12792	14
57966	1785558420-KTP1	294	0	43	61	9	2	0	7220	11
57967	1785558420-KTP1	295	0	54	48	11	4	0	9069	16
57968	1785558420-KTP1	299	0	59	46	8	5	0	9885	6
57969	1785558420-KTP1	301	0	66	56	7	2	0	11173	19
57970	1785558420-KTP1	302	0	65	64	25	3	0	10888	17
57971	1785558420-KTP1	309	0	46	57	13	0	0	6784	12
57972	1785558420-KTP1	332	0	39	75	8	1	0	8191	12
57973	1785558420-KTP1	334	0	53	52	14	1	0	9120	16
57974	1785558420-KTP1	339	0	45	57	16	0	0	7107	23
57975	1785558420-KTP1	350	0	31	54	5	0	0	5692	19
57979	1785602793-KTP5	288	1	19	15	3	2	0	3088	15
57980	1785602793-KTP5	290	1	24	15	2	1	0	4312	1
57981	1785602793-KTP5	292	1	25	19	3	1	0	0	5
57982	1785602793-KTP5	293	1	21	20	2	2	0	0	6
57983	1785602793-KTP5	295	1	9	18	2	4	0	0	2
57984	1785602793-KTP5	297	1	15	16	3	0	0	2147	3
57985	1785602793-KTP5	301	1	18	19	2	0	0	0	5
57986	1785602793-KTP5	302	1	18	19	6	1	0	3654	5
57987	1785602793-KTP5	307	1	3	4	0	1	0	611	0
57988	1785602793-KTP5	309	1	17	23	6	0	0	2736	4
57989	1785602793-KTP5	334	1	24	14	2	0	0	4300	10
57990	1785602793-KTP5	351	1	4	11	1	0	0	407	3
57991	1785602793-KTP5	352	1	8	12	1	0	0	0	5
57994	1785602793-KTP5	288	0	19	15	3	2	0	3088	15
57995	1785602793-KTP5	290	0	24	15	2	1	0	4312	1
57996	1785602793-KTP5	292	0	25	19	3	1	0	0	5
57997	1785602793-KTP5	293	0	21	20	2	2	0	0	6
57998	1785602793-KTP5	295	0	9	18	2	4	0	0	2
57999	1785602793-KTP5	297	0	15	16	3	0	0	2147	3
58000	1785602793-KTP5	301	0	18	19	2	0	0	0	5
58001	1785602793-KTP5	302	0	18	19	6	1	0	3654	5
58002	1785602793-KTP5	307	0	3	4	0	1	0	611	0
58003	1785602793-KTP5	309	0	17	23	6	0	0	2736	4
58004	1785602793-KTP5	334	0	24	14	2	0	0	4300	10
58005	1785602793-KTP5	351	0	4	11	1	0	0	407	3
58006	1785602793-KTP5	352	0	8	12	1	0	0	0	5
58009	1785604799-KTP3	292	1	31	27	9	1	0	4297	5
58010	1785604799-KTP3	294	1	18	26	1	0	0	2472	2
58011	1785604799-KTP3	295	1	16	22	3	0	0	2295	1
58012	1785604799-KTP3	298	1	27	28	5	0	0	4383	7
58013	1785604799-KTP3	301	1	27	28	0	2	0	4147	4
58014	1785604799-KTP3	302	1	25	27	2	1	0	4449	3
58015	1785604799-KTP3	328	1	28	24	2	1	0	4891	6
58016	1785604799-KTP3	333	1	24	21	6	0	0	4287	1
58017	1785604799-KTP3	335	1	20	27	2	0	0	3316	5
58018	1785604799-KTP3	337	1	28	19	6	0	0	5234	7
58019	1785604799-KTP3	347	1	28	20	2	0	0	4394	6
58020	1785604799-KTP3	351	1	22	25	4	0	0	4644	4
58024	1785604799-KTP3	292	2	29	24	2	0	0	4607	3
58025	1785604799-KTP3	294	2	14	27	2	0	0	2119	4
58026	1785604799-KTP3	295	2	33	19	6	0	0	5446	2
58027	1785604799-KTP3	298	2	20	29	1	0	0	3295	3
58028	1785604799-KTP3	301	2	21	35	3	0	0	3509	6
58029	1785604799-KTP3	302	2	24	28	4	0	0	4294	2
58030	1785604799-KTP3	328	2	30	19	3	0	0	4072	1
58031	1785604799-KTP3	333	2	17	23	2	0	0	2664	2
58032	1785604799-KTP3	335	2	24	25	0	0	0	3439	4
58033	1785604799-KTP3	337	2	33	26	9	0	0	6494	7
58034	1785604799-KTP3	347	2	33	22	3	2	0	5836	4
58035	1785604799-KTP3	351	2	23	24	1	2	0	4374	5
58039	1785604799-KTP3	292	0	60	51	11	1	0	8904	8
58040	1785604799-KTP3	294	0	32	53	3	0	0	4591	6
58041	1785604799-KTP3	295	0	49	41	9	0	0	7741	3
58042	1785604799-KTP3	298	0	47	57	6	0	0	7678	10
58043	1785604799-KTP3	301	0	48	63	3	2	0	7656	10
58044	1785604799-KTP3	302	0	49	55	6	1	0	8743	5
58045	1785604799-KTP3	328	0	58	43	5	1	0	8963	7
58046	1785604799-KTP3	333	0	41	44	8	0	0	6951	3
58047	1785604799-KTP3	335	0	44	52	2	0	0	6755	9
58048	1785604799-KTP3	337	0	61	45	15	0	0	11728	14
58049	1785604799-KTP3	347	0	61	42	5	2	0	10230	10
58050	1785604799-KTP3	351	0	45	49	5	2	0	9018	9
58054	1785605141-KTP5	288	1	19	26	1	0	0	2785	5
58055	1785605141-KTP5	290	1	28	20	1	1	0	4333	5
58056	1785605141-KTP5	296	1	17	24	1	0	0	2617	6
58057	1785605141-KTP5	299	1	29	18	6	0	0	4927	0
58058	1785605141-KTP5	309	1	18	26	5	1	0	2978	5
58059	1785605141-KTP5	312	1	28	20	0	0	0	3590	4
58060	1785605141-KTP5	318	1	26	20	4	0	0	4031	3
58061	1785605141-KTP5	322	1	15	27	2	0	0	3189	3
58062	1785605141-KTP5	324	1	23	21	1	0	0	4306	6
58063	1785605141-KTP5	325	1	26	25	2	0	0	4762	0
58064	1785605141-KTP5	334	1	23	23	3	1	0	4653	4
58065	1785605141-KTP5	341	1	19	21	3	0	0	2656	7
58069	1785605141-KTP5	288	2	31	24	3	1	0	4555	3
58070	1785605141-KTP5	290	2	24	20	0	0	0	3605	8
58071	1785605141-KTP5	296	2	18	23	0	0	0	3018	4
58072	1785605141-KTP5	299	2	27	23	2	0	0	3901	0
58073	1785605141-KTP5	309	2	20	27	2	0	0	3067	0
58074	1785605141-KTP5	312	2	24	21	1	0	0	3637	0
58075	1785605141-KTP5	318	2	26	24	9	0	0	3076	0
58076	1785605141-KTP5	322	2	19	25	1	0	0	3593	6
58077	1785605141-KTP5	324	2	26	23	0	0	0	3580	3
58078	1785605141-KTP5	325	2	18	26	2	1	0	2823	5
58079	1785605141-KTP5	334	2	24	18	2	0	0	3692	6
58080	1785605141-KTP5	341	2	22	25	1	0	0	3499	3
58084	1785605141-KTP5	288	0	50	50	4	1	0	7340	8
58085	1785605141-KTP5	290	0	52	40	1	1	0	7938	13
58086	1785605141-KTP5	296	0	35	47	1	0	0	5635	10
58087	1785605141-KTP5	299	0	56	41	8	0	0	8828	0
58088	1785605141-KTP5	309	0	38	53	7	1	0	6045	5
58089	1785605141-KTP5	312	0	52	41	1	0	0	7227	4
58090	1785605141-KTP5	318	0	52	44	13	0	0	7107	3
58091	1785605141-KTP5	322	0	34	52	3	0	0	6782	9
58092	1785605141-KTP5	324	0	49	44	1	0	0	7886	9
58093	1785605141-KTP5	325	0	44	51	4	1	0	7585	5
58094	1785605141-KTP5	334	0	47	41	5	1	0	8345	10
58095	1785605141-KTP5	341	0	41	46	4	0	0	6155	10
58099	1785605209-KTP2	289	1	41	17	1	1	0	5572	10
58100	1785605209-KTP2	297	1	20	30	3	0	0	3202	5
58101	1785605209-KTP2	300	1	19	20	1	2	0	2947	4
58102	1785605209-KTP2	304	1	30	15	1	0	0	4801	8
58103	1785605209-KTP2	307	1	27	34	3	5	0	5116	6
58104	1785605209-KTP2	310	1	22	5	2	0	0	2942	12
58105	1785605209-KTP2	338	1	37	17	4	0	0	4710	4
58106	1785605209-KTP2	340	1	10	29	1	0	0	2243	3
58107	1785605209-KTP2	344	1	14	32	2	0	0	2431	2
58108	1785605209-KTP2	346	1	12	28	0	0	0	1380	0
58109	1785605209-KTP2	348	1	35	21	4	1	0	6488	6
58110	1785605209-KTP2	352	1	12	31	2	0	0	2360	2
58114	1785605209-KTP2	289	2	25	16	3	0	0	4209	13
58115	1785605209-KTP2	297	2	24	30	1	0	0	3653	0
58116	1785605209-KTP2	300	2	36	16	3	1	0	5480	6
58117	1785605209-KTP2	304	2	24	19	5	1	0	5396	12
58118	1785605209-KTP2	307	2	17	34	5	1	0	2690	0
58119	1785605209-KTP2	310	2	32	10	5	0	0	5011	8
58120	1785605209-KTP2	338	2	34	15	4	0	0	5321	3
58121	1785605209-KTP2	340	2	10	31	0	0	0	1788	0
58122	1785605209-KTP2	344	2	14	32	2	0	0	2181	0
58123	1785605209-KTP2	346	2	13	32	4	2	0	3307	0
58124	1785605209-KTP2	348	2	40	21	4	0	0	6378	4
58125	1785605209-KTP2	352	2	19	32	1	0	0	3368	1
58129	1785605209-KTP2	289	0	66	33	4	1	0	9781	23
58130	1785605209-KTP2	297	0	44	60	4	0	0	6855	5
58131	1785605209-KTP2	300	0	55	36	4	3	0	8427	10
58132	1785605209-KTP2	304	0	54	34	6	1	0	10197	20
58133	1785605209-KTP2	307	0	44	68	8	6	0	7806	6
58134	1785605209-KTP2	310	0	54	15	7	0	0	7953	20
58135	1785605209-KTP2	338	0	71	32	8	0	0	10031	7
58136	1785605209-KTP2	340	0	20	60	1	0	0	4031	3
58137	1785605209-KTP2	344	0	28	64	4	0	0	4612	2
58138	1785605209-KTP2	346	0	25	60	4	2	0	4687	0
58139	1785605209-KTP2	348	0	75	42	8	1	0	12866	10
58140	1785605209-KTP2	352	0	31	63	3	0	0	5728	3
58144	1785605176-KTP4	291	1	24	22	4	1	0	3700	4
58145	1785605176-KTP4	305	1	13	36	1	0	0	2171	2
58146	1785605176-KTP4	313	1	38	15	5	1	0	5882	4
58147	1785605176-KTP4	314	1	20	20	10	0	0	3216	3
58148	1785605176-KTP4	317	1	20	31	1	1	0	3043	4
58149	1785605176-KTP4	320	1	25	11	1	1	0	3971	4
58150	1785605176-KTP4	323	1	41	16	6	0	0	7408	1
58151	1785605176-KTP4	327	1	37	16	13	1	0	5314	3
58152	1785605176-KTP4	330	1	14	20	3	1	0	2553	3
58153	1785605176-KTP4	332	1	21	39	2	0	0	3403	4
58154	1785605176-KTP4	342	1	15	33	4	0	0	2985	0
58155	1785605176-KTP4	350	1	17	26	0	0	0	2223	1
58159	1785605176-KTP4	291	2	21	22	2	0	0	3774	6
58160	1785605176-KTP4	305	2	24	30	3	0	0	3734	2
58161	1785605176-KTP4	313	2	30	23	4	0	0	5151	7
58162	1785605176-KTP4	314	2	21	20	3	0	0	3208	4
58163	1785605176-KTP4	317	2	14	25	1	0	0	2414	2
58164	1785605176-KTP4	320	2	27	17	2	0	0	4121	6
58165	1785605176-KTP4	323	2	27	20	2	0	0	4097	6
58166	1785605176-KTP4	327	2	31	21	5	0	0	5020	4
58167	1785605176-KTP4	330	2	17	21	3	0	0	2164	2
58168	1785605176-KTP4	332	2	18	31	2	0	0	3004	6
58169	1785605176-KTP4	342	2	18	27	3	1	0	3030	6
58170	1785605176-KTP4	350	2	32	23	4	1	0	5325	4
58174	1785605176-KTP4	291	0	45	44	6	1	0	7474	10
58175	1785605176-KTP4	305	0	37	66	4	0	0	5905	4
58176	1785605176-KTP4	313	0	68	38	9	1	0	11033	11
58177	1785605176-KTP4	314	0	41	40	13	0	0	6424	7
58178	1785605176-KTP4	317	0	34	56	2	1	0	5457	6
58179	1785605176-KTP4	320	0	52	28	3	1	0	8092	10
58180	1785605176-KTP4	323	0	68	36	8	0	0	11505	7
58181	1785605176-KTP4	327	0	68	37	18	1	0	10334	7
58182	1785605176-KTP4	330	0	31	41	6	1	0	4717	5
58183	1785605176-KTP4	332	0	39	70	4	0	0	6407	10
58184	1785605176-KTP4	342	0	33	60	7	1	0	6015	6
58185	1785605176-KTP4	350	0	49	49	4	1	0	7548	5
58189	1785605269-KTP1	306	1	19	25	3	1	0	3013	0
58190	1785605269-KTP1	308	1	29	24	4	0	0	5290	0
58191	1785605269-KTP1	311	1	18	23	1	0	0	2881	0
58192	1785605269-KTP1	315	1	28	26	5	1	0	5130	7
58193	1785605269-KTP1	316	1	27	20	3	1	0	4936	0
58194	1785605269-KTP1	319	1	23	23	3	0	0	4250	4
58195	1785605269-KTP1	321	1	27	23	5	0	0	4295	2
58196	1785605269-KTP1	326	1	22	31	8	0	0	2796	2
58197	1785605269-KTP1	331	1	31	26	5	1	0	4862	2
58198	1785605269-KTP1	336	1	26	18	1	0	0	3455	4
58199	1785605269-KTP1	343	1	25	22	6	0	0	4787	3
58200	1785605269-KTP1	345	1	13	27	3	0	0	2387	2
58204	1785605269-KTP1	306	2	8	30	1	0	0	1624	2
58205	1785605269-KTP1	308	2	26	27	4	0	0	4579	0
58206	1785605269-KTP1	311	2	23	27	1	1	0	3448	2
58207	1785605269-KTP1	315	2	28	21	3	1	0	4385	4
58208	1785605269-KTP1	316	2	35	16	5	1	0	6746	6
58209	1785605269-KTP1	319	2	13	24	0	0	0	3164	8
58210	1785605269-KTP1	321	2	35	24	2	0	0	5732	2
58211	1785605269-KTP1	326	2	26	34	10	1	0	3686	0
58212	1785605269-KTP1	331	2	16	29	4	2	0	3915	4
58213	1785605269-KTP1	336	2	34	16	5	0	0	4435	4
58214	1785605269-KTP1	343	2	33	22	7	1	0	4404	3
58215	1785605269-KTP1	345	2	24	31	6	0	0	3861	3
58219	1785605269-KTP1	306	0	27	55	4	1	0	4637	2
58220	1785605269-KTP1	308	0	55	51	8	0	0	9869	0
58221	1785605269-KTP1	311	0	41	50	2	1	0	6329	2
58222	1785605269-KTP1	315	0	56	47	8	2	0	9515	11
58223	1785605269-KTP1	316	0	62	36	8	2	0	11682	6
58224	1785605269-KTP1	319	0	36	47	3	0	0	7414	12
58225	1785605269-KTP1	321	0	62	47	7	0	0	10027	4
58226	1785605269-KTP1	326	0	48	65	18	1	0	6482	2
58227	1785605269-KTP1	331	0	47	55	9	3	0	8777	6
58228	1785605269-KTP1	336	0	60	34	6	0	0	7890	8
58229	1785605269-KTP1	343	0	58	44	13	1	0	9191	6
58230	1785605269-KTP1	345	0	37	58	9	0	0	6248	5
58234	1785609337-KTP2	289	1	23	18	4	0	0	0	0
58235	1785609337-KTP2	300	1	31	13	4	0	0	0	4
58236	1785609337-KTP2	304	1	22	17	1	1	0	0	7
58237	1785609337-KTP2	305	1	20	26	6	0	0	0	2
58238	1785609337-KTP2	310	1	29	8	4	0	0	0	0
58239	1785609337-KTP2	317	1	5	27	1	0	0	0	1
58240	1785609337-KTP2	330	1	12	17	5	0	0	0	3
58241	1785609337-KTP2	332	1	20	31	1	0	0	0	3
58242	1785609337-KTP2	338	1	16	14	0	1	0	0	4
58243	1785609337-KTP2	342	1	16	29	4	0	0	0	1
58244	1785609337-KTP2	348	1	34	16	2	0	0	0	6
58245	1785609337-KTP2	350	1	13	25	3	0	0	0	3
58249	1785609337-KTP2	289	2	38	18	3	0	0	6212	6
58250	1785609337-KTP2	300	2	29	20	4	1	0	4268	2
58251	1785609337-KTP2	304	2	15	23	2	0	0	2200	3
58252	1785609337-KTP2	305	2	17	33	3	0	0	2644	2
58253	1785609337-KTP2	310	2	38	5	2	0	0	5289	6
58254	1785609337-KTP2	317	2	10	30	2	0	0	2349	1
58255	1785609337-KTP2	330	2	23	19	13	1	0	4711	3
58256	1785609337-KTP2	332	2	17	37	3	1	0	3946	2
58257	1785609337-KTP2	338	2	23	20	6	1	0	3499	3
58258	1785609337-KTP2	342	2	21	28	6	1	0	4647	1
58259	1785609337-KTP2	348	2	29	21	3	0	0	5352	2
58260	1785609337-KTP2	350	2	19	25	0	0	0	2509	0
58264	1785609337-KTP2	289	0	61	36	7	0	0	6212	6
58265	1785609337-KTP2	300	0	60	33	8	1	0	4268	6
58266	1785609337-KTP2	304	0	37	40	3	1	0	2200	10
58267	1785609337-KTP2	305	0	37	59	9	0	0	2644	4
58268	1785609337-KTP2	310	0	67	13	6	0	0	5289	6
58269	1785609337-KTP2	317	0	15	57	3	0	0	2349	2
58270	1785609337-KTP2	330	0	35	36	18	1	0	4711	6
58271	1785609337-KTP2	332	0	37	68	4	1	0	3946	5
58272	1785609337-KTP2	338	0	39	34	6	2	0	3499	7
58273	1785609337-KTP2	342	0	37	57	10	1	0	4647	2
58274	1785609337-KTP2	348	0	63	37	5	0	0	5352	8
58275	1785609337-KTP2	350	0	32	50	3	0	0	2509	3
58279	1785609454-KTP1	288	1	12	25	1	1	0	2183	0
58280	1785609454-KTP1	290	1	16	30	0	1	0	3199	2
58281	1785609454-KTP1	296	1	20	24	2	0	0	3064	2
58282	1785609454-KTP1	299	1	17	20	1	0	0	2936	0
58283	1785609454-KTP1	309	1	23	26	7	0	0	3833	0
58284	1785609454-KTP1	315	1	23	20	4	3	0	5030	2
58285	1785609454-KTP1	316	1	38	10	3	1	0	6072	2
58286	1785609454-KTP1	319	1	13	19	4	3	0	4429	4
58287	1785609454-KTP1	321	1	26	23	2	4	0	5455	2
58288	1785609454-KTP1	334	1	13	23	1	1	0	2383	2
58289	1785609454-KTP1	336	1	27	14	5	1	0	3856	0
58290	1785609454-KTP1	343	1	21	15	0	0	0	2892	1
58294	1785609454-KTP1	288	2	26	27	7	1	0	3917	1
58295	1785609454-KTP1	290	2	23	22	0	0	0	3296	0
58296	1785609454-KTP1	296	2	21	28	2	1	0	4019	5
58297	1785609454-KTP1	299	2	16	22	1	1	0	2913	0
58298	1785609454-KTP1	309	2	19	28	5	0	0	3002	4
58299	1785609454-KTP1	315	2	32	24	1	1	0	5435	4
58300	1785609454-KTP1	316	2	37	17	3	1	0	5627	0
58301	1785609454-KTP1	319	2	22	25	3	1	0	3883	0
58302	1785609454-KTP1	321	2	14	27	2	0	0	2888	2
58303	1785609454-KTP1	334	2	20	15	1	1	0	2966	2
58304	1785609454-KTP1	336	2	18	19	1	0	0	2612	2
58305	1785609454-KTP1	343	2	19	13	2	1	0	3145	0
58309	1785609454-KTP1	288	0	38	52	8	2	0	6100	1
58310	1785609454-KTP1	290	0	39	52	0	1	0	6495	2
58311	1785609454-KTP1	296	0	41	52	4	1	0	7083	7
58312	1785609454-KTP1	299	0	33	42	2	1	0	5849	0
58313	1785609454-KTP1	309	0	42	54	12	0	0	6835	4
58314	1785609454-KTP1	315	0	55	44	5	4	0	10465	6
58315	1785609454-KTP1	316	0	75	27	6	2	0	11699	2
58316	1785609454-KTP1	319	0	35	44	7	4	0	8312	4
58317	1785609454-KTP1	321	0	40	50	4	4	0	8343	4
58318	1785609454-KTP1	334	0	33	38	2	2	0	5349	4
58319	1785609454-KTP1	336	0	45	33	6	1	0	6468	2
58320	1785609454-KTP1	343	0	40	28	2	1	0	6037	1
58324	1785609569-KTP5	292	1	30	21	3	0	0	4492	0
58325	1785609569-KTP5	293	1	22	15	3	0	0	3729	2
58326	1785609569-KTP5	294	1	23	17	1	0	0	3612	1
58327	1785609569-KTP5	295	1	16	15	4	0	0	2497	3
58328	1785609569-KTP5	301	1	23	19	2	0	0	4199	1
58329	1785609569-KTP5	306	1	9	22	3	1	0	2659	3
58330	1785609569-KTP5	308	1	20	16	2	0	0	3576	0
58331	1785609569-KTP5	311	1	20	22	2	0	0	3543	6
58332	1785609569-KTP5	326	1	18	25	8	1	0	3978	2
58333	1785609569-KTP5	331	1	19	24	7	3	0	4407	2
58334	1785609569-KTP5	345	1	15	21	6	1	0	2693	1
58335	1785609569-KTP5	351	1	16	14	3	0	0	3575	5
58339	1785609569-KTP5	292	2	30	22	4	1	0	5466	3
58340	1785609569-KTP5	293	2	24	20	3	0	0	4221	4
58341	1785609569-KTP5	294	2	17	19	3	0	0	2751	8
58342	1785609569-KTP5	295	2	21	19	2	0	0	3290	0
58343	1785609569-KTP5	301	2	25	26	0	1	0	3300	5
58344	1785609569-KTP5	306	2	7	22	3	0	0	1498	2
58345	1785609569-KTP5	308	2	31	16	4	0	0	4936	4
58346	1785609569-KTP5	311	2	26	21	4	0	0	4323	5
58347	1785609569-KTP5	326	2	26	26	8	0	0	3297	4
58348	1785609569-KTP5	331	2	19	19	2	0	0	2962	3
58349	1785609569-KTP5	345	2	15	25	4	1	0	2098	0
58350	1785609569-KTP5	351	2	12	18	1	0	0	2118	2
58354	1785609569-KTP5	292	0	60	43	7	1	0	9958	3
58355	1785609569-KTP5	293	0	46	35	6	0	0	7950	6
58356	1785609569-KTP5	294	0	40	36	4	0	0	6363	9
58357	1785609569-KTP5	295	0	37	34	6	0	0	5787	3
58358	1785609569-KTP5	301	0	48	45	2	1	0	7499	6
58359	1785609569-KTP5	306	0	16	44	6	1	0	4157	5
58360	1785609569-KTP5	308	0	51	32	6	0	0	8512	4
58361	1785609569-KTP5	311	0	46	43	6	0	0	7866	11
58362	1785609569-KTP5	326	0	44	51	16	1	0	7275	6
58363	1785609569-KTP5	331	0	38	43	9	3	0	7369	5
58364	1785609569-KTP5	345	0	30	46	10	2	0	4791	1
58365	1785609569-KTP5	351	0	28	32	4	0	0	5693	7
58369	1785609602-KTP4	291	1	30	17	11	0	0	4918	4
58370	1785609602-KTP4	297	1	13	27	1	0	0	2211	2
58371	1785609602-KTP4	307	1	20	32	4	3	0	3921	2
58372	1785609602-KTP4	313	1	27	12	5	0	0	5722	5
58373	1785609602-KTP4	314	1	21	19	6	0	0	4652	1
58374	1785609602-KTP4	320	1	27	9	4	0	0	4705	3
58375	1785609602-KTP4	323	1	25	17	5	0	0	4926	4
58376	1785609602-KTP4	327	1	28	18	11	1	0	5456	2
58377	1785609602-KTP4	340	1	12	18	2	2	0	2358	2
58378	1785609602-KTP4	344	1	12	26	2	0	0	2011	1
58379	1785609602-KTP4	346	1	19	22	2	0	0	3135	1
58380	1785609602-KTP4	352	1	16	33	3	1	0	3534	4
58384	1785609602-KTP4	291	2	31	17	3	0	0	4879	2
58385	1785609602-KTP4	297	2	25	27	0	1	0	3863	5
58386	1785609602-KTP4	307	2	16	36	5	0	0	2894	2
58387	1785609602-KTP4	313	2	19	16	2	0	0	3227	2
58388	1785609602-KTP4	314	2	17	22	1	0	0	3234	0
58389	1785609602-KTP4	320	2	22	11	2	0	0	3146	0
58390	1785609602-KTP4	323	2	39	21	3	0	0	5914	3
58391	1785609602-KTP4	327	2	44	16	4	0	0	6650	4
58392	1785609602-KTP4	340	2	12	22	3	1	0	1834	0
58393	1785609602-KTP4	344	2	14	30	2	1	0	1968	0
58394	1785609602-KTP4	346	2	18	25	2	0	0	2741	2
58395	1785609602-KTP4	352	2	18	32	0	0	0	2912	2
58399	1785609602-KTP4	291	0	61	34	14	0	0	9797	6
58400	1785609602-KTP4	297	0	38	54	1	1	0	6074	7
58401	1785609602-KTP4	307	0	36	68	9	3	0	6815	4
58402	1785609602-KTP4	313	0	46	28	7	0	0	8949	7
58403	1785609602-KTP4	314	0	38	41	7	0	0	7886	1
58404	1785609602-KTP4	320	0	49	20	6	0	0	7851	3
58405	1785609602-KTP4	323	0	64	38	8	0	0	10840	7
58406	1785609602-KTP4	327	0	72	34	15	1	0	12106	6
58407	1785609602-KTP4	340	0	24	40	5	3	0	4192	2
58408	1785609602-KTP4	344	0	26	56	4	1	0	3979	1
58409	1785609602-KTP4	346	0	37	47	4	0	0	5876	3
58410	1785609602-KTP4	352	0	34	65	3	1	0	6446	6
58414	1785609594-KTP3	298	1	31	18	3	0	0	4616	2
58415	1785609594-KTP3	312	1	14	17	1	0	0	2476	2
58416	1785609594-KTP3	318	1	17	21	8	0	0	2171	1
58417	1785609594-KTP3	322	1	21	27	4	1	0	4368	4
58418	1785609594-KTP3	324	1	18	20	3	0	0	4354	4
58419	1785609594-KTP3	325	1	19	18	4	0	0	3976	2
58420	1785609594-KTP3	328	1	13	17	2	1	0	2675	2
58421	1785609594-KTP3	333	1	15	16	7	0	0	3315	3
58422	1785609594-KTP3	335	1	27	18	4	0	0	4804	1
58423	1785609594-KTP3	337	1	27	18	4	0	0	5008	2
58424	1785609594-KTP3	341	1	15	22	6	0	0	2776	0
58425	1785609594-KTP3	347	1	12	17	1	0	0	2551	2
58429	1785609594-KTP3	298	2	20	24	6	1	0	3817	0
58430	1785609594-KTP3	312	2	18	22	0	0	0	2736	4
58431	1785609594-KTP3	318	2	27	21	6	0	0	3897	1
58432	1785609594-KTP3	322	2	9	31	2	1	0	2182	4
58433	1785609594-KTP3	324	2	23	23	2	0	0	3443	1
58434	1785609594-KTP3	325	2	16	21	6	1	0	3421	6
58435	1785609594-KTP3	328	2	21	16	0	1	0	3079	6
58436	1785609594-KTP3	333	2	24	14	7	0	0	2999	0
58437	1785609594-KTP3	335	2	27	15	2	0	0	4099	6
58438	1785609594-KTP3	337	2	21	20	3	0	0	3990	4
58439	1785609594-KTP3	341	2	16	17	1	0	0	2506	0
58440	1785609594-KTP3	347	2	22	20	1	0	0	3820	1
58444	1785609594-KTP3	298	0	51	42	9	1	0	8433	2
58445	1785609594-KTP3	312	0	32	39	1	0	0	5212	6
58446	1785609594-KTP3	318	0	44	42	14	0	0	6068	2
58447	1785609594-KTP3	322	0	30	58	6	2	0	6550	8
58448	1785609594-KTP3	324	0	41	43	5	0	0	7797	5
58449	1785609594-KTP3	325	0	35	39	10	1	0	7397	8
58450	1785609594-KTP3	328	0	34	33	2	2	0	5754	8
58451	1785609594-KTP3	333	0	39	30	14	0	0	6314	3
58452	1785609594-KTP3	335	0	54	33	6	0	0	8903	7
58453	1785609594-KTP3	337	0	48	38	7	0	0	8998	6
58454	1785609594-KTP3	341	0	31	39	7	0	0	5282	0
58455	1785609594-KTP3	347	0	34	37	2	0	0	6371	3
58459	1785613505-KTP4	291	1	1	0	0	0	0	35	0
58460	1785613505-KTP4	301	1	0	1	0	4	0	1200	0
58462	1785613505-KTP4	291	0	1	0	0	0	0	35	0
58463	1785613505-KTP4	301	0	0	1	0	4	0	1200	0
58465	1785613411-KTP5	305	1	21	35	2	0	0	3821	7
58466	1785613411-KTP5	306	1	17	28	1	1	0	2867	11
58467	1785613411-KTP5	308	1	13	26	2	0	0	2177	6
58468	1785613411-KTP5	311	1	43	25	7	0	0	7365	12
58469	1785613411-KTP5	317	1	21	33	4	1	0	4352	4
58470	1785613411-KTP5	326	1	37	27	7	0	0	5175	14
58471	1785613411-KTP5	330	1	27	27	7	0	0	3919	12
58472	1785613411-KTP5	331	1	32	24	1	0	0	5179	10
58473	1785613411-KTP5	332	1	39	31	1	0	0	5220	10
58474	1785613411-KTP5	342	1	28	24	8	0	0	4826	10
58475	1785613411-KTP5	345	1	31	28	7	1	0	5102	9
58476	1785613411-KTP5	350	1	22	23	0	1	0	2828	12
58480	1785613411-KTP5	305	2	28	30	3	0	0	4055	8
58481	1785613411-KTP5	306	2	19	25	1	1	0	2283	12
58482	1785613411-KTP5	308	2	21	26	2	0	0	3103	12
58483	1785613411-KTP5	311	2	29	26	0	1	0	4415	6
58484	1785613411-KTP5	317	2	18	28	1	2	0	3612	13
58485	1785613411-KTP5	326	2	26	26	5	0	0	3453	16
58486	1785613411-KTP5	330	2	34	20	8	0	0	5350	12
58487	1785613411-KTP5	331	2	45	22	6	0	0	7182	9
58488	1785613411-KTP5	332	2	27	30	3	0	0	4566	11
58489	1785613411-KTP5	342	2	28	27	5	3	0	5660	16
58490	1785613411-KTP5	345	2	22	31	5	1	0	2972	10
58491	1785613411-KTP5	350	2	21	27	1	0	0	3103	8
58495	1785613411-KTP5	305	0	49	65	5	0	0	7876	15
58496	1785613411-KTP5	306	0	36	53	2	2	0	5150	23
58497	1785613411-KTP5	308	0	34	52	4	0	0	5280	18
58498	1785613411-KTP5	311	0	72	51	7	1	0	11780	18
58499	1785613411-KTP5	317	0	39	61	5	3	0	7964	17
58500	1785613411-KTP5	326	0	63	53	12	0	0	8628	30
58501	1785613411-KTP5	330	0	61	47	15	0	0	9269	24
58502	1785613411-KTP5	331	0	77	46	7	0	0	12361	19
58503	1785613411-KTP5	332	0	66	61	4	0	0	9786	21
58504	1785613411-KTP5	342	0	56	51	13	3	0	10486	26
58505	1785613411-KTP5	345	0	53	59	12	2	0	8074	19
58506	1785613411-KTP5	350	0	43	50	1	1	0	5931	20
58510	1785613638-KTP2	288	1	19	33	5	1	0	3175	6
58511	1785613638-KTP2	289	1	28	24	1	1	0	5090	4
58512	1785613638-KTP2	290	1	24	28	1	0	0	4242	4
58513	1785613638-KTP2	296	1	30	25	1	0	0	4195	4
58514	1785613638-KTP2	299	1	10	27	0	0	0	1517	7
58515	1785613638-KTP2	300	1	23	23	2	1	0	3735	7
58516	1785613638-KTP2	304	1	32	23	2	2	0	5817	4
58517	1785613638-KTP2	309	1	19	31	8	1	0	3123	8
58518	1785613638-KTP2	310	1	26	9	7	1	0	5273	5
58519	1785613638-KTP2	334	1	21	22	2	0	0	3008	2
58520	1785613638-KTP2	338	1	24	18	4	1	0	3896	7
58521	1785613638-KTP2	348	1	33	26	2	0	0	5313	2
58525	1785613638-KTP2	288	2	16	30	2	1	0	2613	9
58526	1785613638-KTP2	289	2	28	24	1	3	0	4295	12
58527	1785613638-KTP2	290	2	15	29	2	0	0	2841	1
58528	1785613638-KTP2	296	2	17	28	1	0	0	3220	2
58529	1785613638-KTP2	299	2	22	19	3	0	0	3765	10
58530	1785613638-KTP2	300	2	21	20	3	0	0	3265	11
58531	1785613638-KTP2	304	2	32	16	1	0	0	4213	8
58532	1785613638-KTP2	309	2	27	33	3	1	0	4171	11
58533	1785613638-KTP2	310	2	21	19	3	0	0	3513	6
58534	1785613638-KTP2	334	2	24	22	5	1	0	4497	14
58535	1785613638-KTP2	338	2	25	22	7	0	0	3963	8
58536	1785613638-KTP2	348	2	34	20	4	0	0	6700	11
58540	1785613638-KTP2	288	0	35	63	7	2	0	5788	15
58541	1785613638-KTP2	289	0	56	48	2	4	0	9385	16
58542	1785613638-KTP2	290	0	39	57	3	0	0	7083	5
58543	1785613638-KTP2	296	0	47	53	2	0	0	7415	6
58544	1785613638-KTP2	299	0	32	46	3	0	0	5282	17
58545	1785613638-KTP2	300	0	44	43	5	1	0	7000	18
58546	1785613638-KTP2	304	0	64	39	3	2	0	10030	12
58547	1785613638-KTP2	309	0	46	64	11	2	0	7294	19
58548	1785613638-KTP2	310	0	47	28	10	1	0	8786	11
58549	1785613638-KTP2	334	0	45	44	7	1	0	7505	16
58550	1785613638-KTP2	338	0	49	40	11	1	0	7859	15
58551	1785613638-KTP2	348	0	67	46	6	0	0	12013	13
58555	1785613627-KTP4	291	1	32	26	7	1	0	5054	5
58556	1785613627-KTP4	292	1	30	24	5	1	0	4695	8
58557	1785613627-KTP4	293	1	18	22	3	0	0	3043	9
58558	1785613627-KTP4	295	1	17	22	1	4	0	3206	8
58559	1785613627-KTP4	301	1	28	31	1	0	0	4830	4
58560	1785613627-KTP4	302	1	28	26	2	0	0	4661	5
58561	1785613627-KTP4	313	1	22	29	0	0	0	2843	3
58562	1785613627-KTP4	314	1	22	16	3	0	0	3608	11
58563	1785613627-KTP4	320	1	16	17	0	0	0	2261	8
58564	1785613627-KTP4	323	1	33	25	1	1	0	5235	13
58565	1785613627-KTP4	327	1	20	24	7	0	0	3235	7
58566	1785613627-KTP4	351	1	16	20	3	0	0	2270	7
58570	1785613627-KTP4	291	2	26	28	2	0	0	3733	10
58571	1785613627-KTP4	292	2	23	30	7	2	0	4143	7
58572	1785613627-KTP4	293	2	30	25	2	2	0	4257	10
58573	1785613627-KTP4	295	2	16	24	4	0	0	2297	8
58574	1785613627-KTP4	301	2	14	28	2	2	0	2434	13
58575	1785613627-KTP4	302	2	23	31	4	0	0	3737	8
58576	1785613627-KTP4	313	2	29	18	4	0	0	4777	5
58577	1785613627-KTP4	314	2	17	22	3	0	0	3589	12
58578	1785613627-KTP4	320	2	21	15	1	0	0	3158	6
58579	1785613627-KTP4	323	2	28	23	2	0	0	4486	4
58580	1785613627-KTP4	327	2	35	22	3	1	0	4806	9
58581	1785613627-KTP4	351	2	22	18	6	0	0	3087	11
58585	1785613627-KTP4	291	0	58	54	9	1	0	8787	15
58586	1785613627-KTP4	292	0	53	54	12	3	0	8838	15
58587	1785613627-KTP4	293	0	48	47	5	2	0	7300	19
58588	1785613627-KTP4	295	0	33	46	5	4	0	5503	16
58589	1785613627-KTP4	301	0	42	59	3	2	0	7264	17
58590	1785613627-KTP4	302	0	51	57	6	0	0	8398	13
58591	1785613627-KTP4	313	0	51	47	4	0	0	7620	8
58592	1785613627-KTP4	314	0	39	38	6	0	0	7197	23
58593	1785613627-KTP4	320	0	37	32	1	0	0	5419	14
58594	1785613627-KTP4	323	0	61	48	3	1	0	9721	17
58595	1785613627-KTP4	327	0	55	46	10	1	0	8041	16
58596	1785613627-KTP4	351	0	38	38	9	0	0	5357	18
58600	1785613816-KTP1	312	1	35	14	4	0	0	5119	6
58601	1785613816-KTP1	315	1	40	22	3	1	0	6396	9
58602	1785613816-KTP1	316	1	11	21	2	0	0	2211	5
58603	1785613816-KTP1	318	1	22	27	4	1	0	3747	7
58604	1785613816-KTP1	319	1	16	28	1	1	0	2694	4
58605	1785613816-KTP1	321	1	32	29	0	2	0	4818	9
58606	1785613816-KTP1	322	1	15	24	1	0	0	2696	11
58607	1785613816-KTP1	324	1	29	29	1	0	0	4393	6
58608	1785613816-KTP1	325	1	15	30	2	0	0	3146	8
58609	1785613816-KTP1	336	1	26	24	7	0	0	3496	9
58610	1785613816-KTP1	341	1	30	22	4	0	0	4537	9
58611	1785613816-KTP1	343	1	21	22	5	1	0	3075	6
58615	1785613816-KTP1	312	2	18	27	2	0	0	2608	5
58616	1785613816-KTP1	315	2	29	27	7	4	0	6571	12
58617	1785613816-KTP1	316	2	27	18	3	0	0	3807	10
58618	1785613816-KTP1	318	2	24	24	7	0	0	3761	7
58619	1785613816-KTP1	319	2	27	23	4	1	0	4515	10
58620	1785613816-KTP1	321	2	24	27	0	0	0	3592	10
58621	1785613816-KTP1	322	2	20	28	0	0	0	3229	9
58622	1785613816-KTP1	324	2	34	25	3	0	0	5523	8
58623	1785613816-KTP1	325	2	19	31	4	1	0	3502	4
58624	1785613816-KTP1	336	2	33	21	2	0	0	4990	13
58625	1785613816-KTP1	341	2	22	31	6	0	0	3526	8
58626	1785613816-KTP1	343	2	26	21	4	1	0	3834	12
58630	1785613816-KTP1	312	0	53	41	6	0	0	7727	11
58631	1785613816-KTP1	315	0	69	49	10	5	0	12967	21
58632	1785613816-KTP1	316	0	38	39	5	0	0	6018	15
58633	1785613816-KTP1	318	0	46	51	11	1	0	7508	14
58634	1785613816-KTP1	319	0	43	51	5	2	0	7209	14
58635	1785613816-KTP1	321	0	56	56	0	2	0	8410	19
58636	1785613816-KTP1	322	0	35	52	1	0	0	5925	20
58637	1785613816-KTP1	324	0	63	54	4	0	0	9916	14
58638	1785613816-KTP1	325	0	34	61	6	1	0	6648	12
58639	1785613816-KTP1	336	0	59	45	9	0	0	8486	22
58640	1785613816-KTP1	341	0	52	53	10	0	0	8063	17
58641	1785613816-KTP1	343	0	47	43	9	2	0	6909	18
58645	1785613970-KTP3	297	1	17	33	2	1	0	3135	7
58646	1785613970-KTP3	298	1	28	26	3	0	0	4136	9
58647	1785613970-KTP3	307	1	34	35	5	1	0	5321	4
58648	1785613970-KTP3	328	1	25	21	3	0	0	4615	18
58649	1785613970-KTP3	333	1	36	17	10	1	0	4665	14
58650	1785613970-KTP3	335	1	17	24	0	0	0	2173	20
58651	1785613970-KTP3	337	1	32	23	5	0	0	5731	16
58652	1785613970-KTP3	340	1	18	25	5	1	0	2706	5
58653	1785613970-KTP3	344	1	14	29	2	0	0	2862	5
58654	1785613970-KTP3	346	1	22	20	0	0	0	3069	5
58655	1785613970-KTP3	347	1	35	18	6	1	0	5887	16
58656	1785613970-KTP3	352	1	24	31	4	0	0	4525	10
58660	1785613970-KTP3	297	2	20	32	2	0	0	3642	7
58661	1785613970-KTP3	298	2	32	25	3	0	0	5084	8
58662	1785613970-KTP3	307	2	34	42	12	1	0	5451	7
58663	1785613970-KTP3	328	2	32	16	1	1	0	5691	16
58664	1785613970-KTP3	333	2	41	21	3	2	0	5833	17
58665	1785613970-KTP3	335	2	22	26	5	1	0	3461	18
58666	1785613970-KTP3	337	2	38	23	6	1	0	7252	15
58667	1785613970-KTP3	340	2	17	28	2	0	0	2659	4
58668	1785613970-KTP3	344	2	22	31	3	2	0	3537	4
58669	1785613970-KTP3	346	2	13	31	2	0	0	2062	3
58670	1785613970-KTP3	347	2	38	19	6	0	0	6350	16
58671	1785613970-KTP3	352	2	24	39	3	0	0	3866	5
58675	1785613970-KTP3	297	0	37	65	4	1	0	6777	14
58676	1785613970-KTP3	298	0	60	51	6	0	0	9220	17
58677	1785613970-KTP3	307	0	68	77	17	2	0	10772	11
58678	1785613970-KTP3	328	0	57	37	4	1	0	10306	34
58679	1785613970-KTP3	333	0	77	38	13	3	0	10498	31
58680	1785613970-KTP3	335	0	39	50	5	1	0	5634	38
58681	1785613970-KTP3	337	0	70	46	11	1	0	12983	31
58682	1785613970-KTP3	340	0	35	53	7	1	0	5365	9
58683	1785613970-KTP3	344	0	36	60	5	2	0	6399	9
58684	1785613970-KTP3	346	0	35	51	2	0	0	5131	8
58685	1785613970-KTP3	347	0	73	37	12	1	0	12237	32
58686	1785613970-KTP3	352	0	48	70	7	0	0	8391	15
58690	1785622255-KTP4	306	1	19	26	4	0	0	2996	1
58691	1785622255-KTP4	308	1	16	27	2	0	0	2716	2
58692	1785622255-KTP4	311	1	26	30	3	1	0	4337	0
58693	1785622255-KTP4	312	1	37	15	5	1	0	5921	5
58694	1785622255-KTP4	318	1	31	17	4	0	0	4925	0
58695	1785622255-KTP4	322	1	25	25	3	1	0	4535	2
58696	1785622255-KTP4	324	1	28	21	3	0	0	4814	3
58697	1785622255-KTP4	325	1	22	21	3	0	0	3555	6
58698	1785622255-KTP4	326	1	16	36	5	1	0	2038	2
58699	1785622255-KTP4	331	1	26	25	3	1	0	4235	2
58700	1785622255-KTP4	341	1	25	20	1	0	0	3711	1
58701	1785622255-KTP4	345	1	16	24	6	0	0	2540	2
58705	1785622255-KTP4	306	2	20	27	1	0	0	2741	0
58706	1785622255-KTP4	308	2	24	18	2	0	0	3883	2
58707	1785622255-KTP4	311	2	31	26	6	1	0	5720	2
58708	1785622255-KTP4	312	2	28	24	2	0	0	4324	2
58709	1785622255-KTP4	318	2	24	21	8	1	0	3716	6
58710	1785622255-KTP4	322	2	17	28	1	1	0	3640	0
58711	1785622255-KTP4	324	2	29	22	2	0	0	4683	4
58712	1785622255-KTP4	325	2	37	22	4	1	0	6637	6
58713	1785622255-KTP4	326	2	22	28	3	0	0	3918	4
58714	1785622255-KTP4	331	2	18	26	3	1	0	3477	5
58715	1785622255-KTP4	341	2	21	21	1	0	0	3151	2
58716	1785622255-KTP4	345	2	23	31	2	0	0	3379	2
58720	1785622255-KTP4	306	0	39	53	5	0	0	5737	1
58721	1785622255-KTP4	308	0	40	45	4	0	0	6599	4
58722	1785622255-KTP4	311	0	57	56	9	2	0	10057	2
58723	1785622255-KTP4	312	0	65	39	7	1	0	10245	7
58724	1785622255-KTP4	318	0	55	38	12	1	0	8641	6
58725	1785622255-KTP4	322	0	42	53	4	2	0	8175	2
58726	1785622255-KTP4	324	0	57	43	5	0	0	9497	7
58727	1785622255-KTP4	325	0	59	43	7	1	0	10192	12
58728	1785622255-KTP4	326	0	38	64	8	1	0	5956	6
58729	1785622255-KTP4	331	0	44	51	6	2	0	7712	7
58730	1785622255-KTP4	341	0	46	41	2	0	0	6862	3
58731	1785622255-KTP4	345	0	39	55	8	0	0	5919	4
58735	1785622599-KTP1	291	1	21	26	3	0	0	3583	4
58736	1785622599-KTP1	313	1	22	23	2	1	0	4350	5
58737	1785622599-KTP1	314	1	32	20	5	2	0	5666	0
58738	1785622599-KTP1	315	1	20	25	3	2	0	4136	4
58739	1785622599-KTP1	316	1	27	23	2	0	0	3864	6
58740	1785622599-KTP1	319	1	19	30	2	0	0	3391	1
58741	1785622599-KTP1	320	1	23	21	1	0	0	3428	2
58742	1785622599-KTP1	321	1	19	19	2	0	0	3429	4
58743	1785622599-KTP1	323	1	20	24	0	1	0	3220	3
58744	1785622599-KTP1	327	1	32	16	5	1	0	4155	5
58745	1785622599-KTP1	336	1	27	28	2	0	0	3739	3
58746	1785622599-KTP1	343	1	18	25	1	0	0	3413	0
58750	1785622599-KTP1	291	2	20	25	3	1	0	3546	4
58751	1785622599-KTP1	313	2	31	17	4	1	0	5764	4
58752	1785622599-KTP1	314	2	17	17	2	0	0	3539	0
58753	1785622599-KTP1	315	2	19	27	0	0	0	2943	4
58754	1785622599-KTP1	316	2	15	29	2	1	0	3103	4
58755	1785622599-KTP1	319	2	11	26	1	1	0	2811	4
58756	1785622599-KTP1	320	2	26	24	1	0	0	3573	6
58757	1785622599-KTP1	321	2	29	28	1	1	0	4795	3
58758	1785622599-KTP1	323	2	30	21	1	1	0	4944	4
58759	1785622599-KTP1	327	2	29	16	3	1	0	4595	5
58760	1785622599-KTP1	336	2	19	25	4	0	0	2704	4
58761	1785622599-KTP1	343	2	27	18	4	1	0	3235	4
58765	1785622599-KTP1	291	0	41	51	6	1	0	7129	8
58766	1785622599-KTP1	313	0	53	40	6	2	0	10114	9
58767	1785622599-KTP1	314	0	49	37	7	2	0	9205	0
58768	1785622599-KTP1	315	0	39	52	3	2	0	7079	8
58769	1785622599-KTP1	316	0	42	52	4	1	0	6967	10
58770	1785622599-KTP1	319	0	30	56	3	1	0	6202	5
58771	1785622599-KTP1	320	0	49	45	2	0	0	7001	8
58772	1785622599-KTP1	321	0	48	47	3	1	0	8224	7
58773	1785622599-KTP1	323	0	50	45	1	2	0	8164	7
58774	1785622599-KTP1	327	0	61	32	8	2	0	8750	10
58775	1785622599-KTP1	336	0	46	53	6	0	0	6443	7
58776	1785622599-KTP1	343	0	45	43	5	1	0	6648	4
58780	1785622597-KTP2	289	1	25	25	1	2	0	4624	2
58781	1785622597-KTP2	298	1	24	33	3	2	0	4201	4
58782	1785622597-KTP2	300	1	25	18	4	1	0	4581	0
58783	1785622597-KTP2	304	1	27	28	2	0	0	4571	8
58784	1785622597-KTP2	310	1	25	20	2	0	0	3647	2
58785	1785622597-KTP2	328	1	18	26	3	0	0	2399	0
58786	1785622597-KTP2	333	1	26	27	6	0	0	4234	1
58787	1785622597-KTP2	335	1	22	23	1	1	0	3361	4
58788	1785622597-KTP2	337	1	19	23	0	1	0	3236	0
58789	1785622597-KTP2	338	1	22	25	3	0	0	3398	5
58790	1785622597-KTP2	347	1	24	24	2	0	0	3777	5
58791	1785622597-KTP2	348	1	32	17	0	0	0	4446	1
58795	1785622597-KTP2	289	2	19	22	1	1	0	3815	4
58796	1785622597-KTP2	298	2	21	25	3	1	0	3290	4
58797	1785622597-KTP2	300	2	19	26	4	0	0	3693	1
58798	1785622597-KTP2	304	2	26	24	3	0	0	4293	3
58799	1785622597-KTP2	310	2	30	15	3	1	0	4587	5
58800	1785622597-KTP2	328	2	24	17	2	1	0	4367	2
58801	1785622597-KTP2	333	2	21	22	10	2	0	4053	3
58802	1785622597-KTP2	335	2	19	22	0	0	0	2746	2
58803	1785622597-KTP2	337	2	29	22	3	1	0	4828	5
58804	1785622597-KTP2	338	2	22	23	1	0	0	3081	3
58805	1785622597-KTP2	347	2	24	22	1	1	0	3679	3
58806	1785622597-KTP2	348	2	14	28	3	0	0	3430	2
58810	1785622597-KTP2	289	0	44	47	2	3	0	8439	6
58811	1785622597-KTP2	298	0	45	58	6	3	0	7491	8
58812	1785622597-KTP2	300	0	44	44	8	1	0	8274	1
58813	1785622597-KTP2	304	0	53	52	5	0	0	8864	11
58814	1785622597-KTP2	310	0	55	35	5	1	0	8234	7
58815	1785622597-KTP2	328	0	42	43	5	1	0	6766	2
58816	1785622597-KTP2	333	0	47	49	16	2	0	8287	4
58817	1785622597-KTP2	335	0	41	45	1	1	0	6107	6
58818	1785622597-KTP2	337	0	48	45	3	2	0	8064	5
58819	1785622597-KTP2	338	0	44	48	4	0	0	6479	8
58820	1785622597-KTP2	347	0	48	46	3	1	0	7456	8
58821	1785622597-KTP2	348	0	46	45	3	0	0	7876	3
58825	1785623014-KTP5	297	1	21	25	4	1	0	4224	6
58826	1785623014-KTP5	305	1	32	31	10	0	0	5154	3
58827	1785623014-KTP5	307	1	45	34	7	1	0	7348	3
58828	1785623014-KTP5	317	1	26	24	2	0	0	4435	8
58829	1785623014-KTP5	330	1	22	24	3	0	0	3092	2
58830	1785623014-KTP5	332	1	25	33	1	0	0	3579	7
58831	1785623014-KTP5	340	1	21	25	0	1	0	3062	10
58832	1785623014-KTP5	342	1	28	28	2	0	0	4409	8
58833	1785623014-KTP5	344	1	23	26	2	0	0	3695	1
58834	1785623014-KTP5	346	1	36	19	3	0	0	5819	4
58835	1785623014-KTP5	350	1	30	25	2	1	0	4784	6
58836	1785623014-KTP5	352	1	19	34	3	1	0	3712	8
58840	1785623014-KTP5	297	2	23	32	4	1	0	5007	4
58841	1785623014-KTP5	305	2	34	24	2	0	0	5950	3
58842	1785623014-KTP5	307	2	21	25	5	2	0	3684	4
58843	1785623014-KTP5	317	2	17	22	3	2	0	4715	4
58844	1785623014-KTP5	330	2	24	21	3	0	0	4557	9
58845	1785623014-KTP5	332	2	22	23	1	0	0	4399	8
58846	1785623014-KTP5	340	2	16	18	2	2	0	4145	4
58847	1785623014-KTP5	342	2	18	18	6	0	0	4222	9
58848	1785623014-KTP5	344	2	20	21	3	0	0	3287	3
58849	1785623014-KTP5	346	2	24	25	2	1	0	4360	0
58850	1785623014-KTP5	350	2	34	16	4	0	0	6308	7
58851	1785623014-KTP5	352	2	20	28	2	1	0	4160	3
58855	1785623014-KTP5	297	0	44	57	8	2	0	9231	10
58856	1785623014-KTP5	305	0	66	55	12	0	0	11104	6
58857	1785623014-KTP5	307	0	66	59	12	3	0	11032	7
58858	1785623014-KTP5	317	0	43	46	5	2	0	9150	12
58859	1785623014-KTP5	330	0	46	45	6	0	0	7649	11
58860	1785623014-KTP5	332	0	47	56	2	0	0	7978	15
58861	1785623014-KTP5	340	0	37	43	2	3	0	7207	14
58862	1785623014-KTP5	342	0	46	46	8	0	0	8631	17
58863	1785623014-KTP5	344	0	43	47	5	0	0	6982	4
58864	1785623014-KTP5	346	0	60	44	5	1	0	10179	4
58865	1785623014-KTP5	350	0	64	41	6	1	0	11092	13
58866	1785623014-KTP5	352	0	39	62	5	2	0	7872	11
58870	1785623033-KTP3	288	1	33	28	6	1	0	5002	5
58871	1785623033-KTP3	290	1	29	26	2	2	0	4873	7
58872	1785623033-KTP3	292	1	32	28	3	0	0	5245	5
58873	1785623033-KTP3	293	1	23	25	2	0	0	3462	5
58874	1785623033-KTP3	294	1	19	26	2	0	0	2993	3
58875	1785623033-KTP3	295	1	23	24	6	0	0	3232	0
58876	1785623033-KTP3	296	1	34	24	3	1	0	5304	6
58877	1785623033-KTP3	299	1	18	25	1	1	0	2870	4
58878	1785623033-KTP3	301	1	25	29	2	1	0	4498	7
58879	1785623033-KTP3	302	1	27	31	2	1	0	4715	7
58880	1785623033-KTP3	309	1	19	28	4	0	0	3597	2
58881	1785623033-KTP3	334	1	30	18	3	2	0	4956	7
58885	1785623033-KTP3	288	2	26	24	7	0	0	0	8
58886	1785623033-KTP3	290	2	13	13	1	0	0	0	5
58887	1785623033-KTP3	292	2	22	20	4	0	0	0	7
58888	1785623033-KTP3	293	2	18	16	1	1	0	0	1
58889	1785623033-KTP3	294	2	9	13	1	0	0	0	5
58890	1785623033-KTP3	295	2	14	13	3	0	0	0	2
58891	1785623033-KTP3	296	2	15	16	0	0	0	0	7
58892	1785623033-KTP3	299	2	11	12	4	0	0	0	5
58893	1785623033-KTP3	301	2	19	17	2	0	0	0	6
58894	1785623033-KTP3	302	2	18	16	4	1	0	0	3
58895	1785623033-KTP3	309	2	19	21	3	0	0	0	1
58896	1785623033-KTP3	334	2	11	14	0	0	0	0	1
58900	1785623033-KTP3	288	0	59	52	13	1	0	5002	13
58901	1785623033-KTP3	290	0	42	39	3	2	0	4873	12
58902	1785623033-KTP3	292	0	54	48	7	0	0	5245	12
58903	1785623033-KTP3	293	0	41	41	3	1	0	3462	6
58904	1785623033-KTP3	294	0	28	39	3	0	0	2993	8
58905	1785623033-KTP3	295	0	37	37	9	0	0	3232	2
58906	1785623033-KTP3	296	0	49	40	3	1	0	5304	13
58907	1785623033-KTP3	299	0	29	37	5	1	0	2870	9
58908	1785623033-KTP3	301	0	44	46	4	1	0	4498	13
58909	1785623033-KTP3	302	0	45	47	6	2	0	4715	10
58910	1785623033-KTP3	309	0	38	49	7	0	0	3597	3
58911	1785623033-KTP3	334	0	41	32	3	2	0	4956	8
58915	1785626889-KTP2	289	1	28	28	5	0	0	4692	11
58916	1785626889-KTP2	291	1	32	28	7	0	0	4057	5
58917	1785626889-KTP2	300	1	18	23	2	0	0	3304	3
58918	1785626889-KTP2	304	1	35	21	5	0	0	6250	6
58919	1785626889-KTP2	310	1	19	18	1	0	0	2892	0
58920	1785626889-KTP2	313	1	26	25	3	0	0	4403	0
58921	1785626889-KTP2	314	1	21	22	2	0	0	3413	7
58922	1785626889-KTP2	320	1	19	29	0	0	0	2476	0
58923	1785626889-KTP2	323	1	20	24	0	0	0	3003	4
58924	1785626889-KTP2	327	1	19	24	4	1	0	2480	5
58925	1785626889-KTP2	338	1	27	21	4	0	0	4644	6
58926	1785626889-KTP2	348	1	25	26	3	0	0	4584	2
58930	1785626889-KTP2	289	2	28	22	1	0	0	4399	10
58931	1785626889-KTP2	291	2	26	29	4	1	0	4600	4
58932	1785626889-KTP2	300	2	29	20	4	0	0	3816	1
58933	1785626889-KTP2	304	2	29	30	2	0	0	4885	2
58934	1785626889-KTP2	310	2	22	22	2	1	0	3145	2
58935	1785626889-KTP2	313	2	24	21	1	0	0	3892	4
58936	1785626889-KTP2	314	2	20	19	4	0	0	3680	6
58937	1785626889-KTP2	320	2	28	24	1	0	0	3790	3
58938	1785626889-KTP2	323	2	20	36	2	1	0	3920	2
58939	1785626889-KTP2	327	2	22	21	5	0	0	3585	3
58940	1785626889-KTP2	338	2	19	23	2	1	0	2828	6
58941	1785626889-KTP2	348	2	23	23	1	0	0	3628	2
58945	1785626889-KTP2	289	0	56	50	6	0	0	9091	21
58946	1785626889-KTP2	291	0	58	57	11	1	0	8657	9
58947	1785626889-KTP2	300	0	47	43	6	0	0	7120	4
58948	1785626889-KTP2	304	0	64	51	7	0	0	11135	8
58949	1785626889-KTP2	310	0	41	40	3	1	0	6037	2
58950	1785626889-KTP2	313	0	50	46	4	0	0	8295	4
58951	1785626889-KTP2	314	0	41	41	6	0	0	7093	13
58952	1785626889-KTP2	320	0	47	53	1	0	0	6266	3
58953	1785626889-KTP2	323	0	40	60	2	1	0	6923	6
58954	1785626889-KTP2	327	0	41	45	9	1	0	6065	8
58955	1785626889-KTP2	338	0	46	44	6	1	0	7472	12
58956	1785626889-KTP2	348	0	48	49	4	0	0	8212	4
58960	1785626968-KTP5	297	1	23	32	3	0	0	4070	2
58961	1785626968-KTP5	306	1	28	22	6	3	0	5172	10
58962	1785626968-KTP5	307	1	29	33	7	0	0	3738	8
58963	1785626968-KTP5	308	1	29	14	6	1	0	4988	7
58964	1785626968-KTP5	311	1	24	28	3	0	0	4881	7
58965	1785626968-KTP5	326	1	30	26	6	0	0	5234	16
58966	1785626968-KTP5	331	1	38	30	3	1	0	6478	3
58967	1785626968-KTP5	340	1	24	25	3	1	0	3972	6
58968	1785626968-KTP5	344	1	21	26	6	0	0	2710	1
58969	1785626968-KTP5	345	1	28	28	6	0	0	4452	5
58970	1785626968-KTP5	346	1	25	23	1	2	0	4359	8
58971	1785626968-KTP5	352	1	26	38	1	2	0	4504	14
58975	1785626968-KTP5	297	2	26	31	4	1	0	4554	6
58976	1785626968-KTP5	306	2	23	28	2	0	0	3181	19
58977	1785626968-KTP5	307	2	43	33	9	2	0	7536	12
58978	1785626968-KTP5	308	2	20	26	3	0	0	3565	1
58979	1785626968-KTP5	311	2	34	28	3	0	0	5733	7
58980	1785626968-KTP5	326	2	32	28	8	0	0	5085	16
58981	1785626968-KTP5	331	2	42	24	0	2	0	6251	8
58982	1785626968-KTP5	340	2	21	28	4	2	0	4712	5
58983	1785626968-KTP5	344	2	24	24	1	0	0	3417	7
58984	1785626968-KTP5	345	2	24	28	8	0	0	3767	7
58985	1785626968-KTP5	346	2	26	27	3	1	0	4458	4
58986	1785626968-KTP5	352	2	22	32	4	1	0	4465	18
58990	1785626968-KTP5	297	0	49	63	7	1	0	8624	8
58991	1785626968-KTP5	306	0	51	50	8	3	0	8353	29
58992	1785626968-KTP5	307	0	72	66	16	2	0	11274	20
58993	1785626968-KTP5	308	0	49	40	9	1	0	8553	8
58994	1785626968-KTP5	311	0	58	56	6	0	0	10614	14
58995	1785626968-KTP5	326	0	62	54	14	0	0	10319	32
58996	1785626968-KTP5	331	0	80	54	3	3	0	12729	11
58997	1785626968-KTP5	340	0	45	53	7	3	0	8684	11
58998	1785626968-KTP5	344	0	45	50	7	0	0	6127	8
58999	1785626968-KTP5	345	0	52	56	14	0	0	8219	12
59000	1785626968-KTP5	346	0	51	50	4	3	0	8817	12
59001	1785626968-KTP5	352	0	48	70	5	3	0	8969	32
59005	1785626865-KTP1	298	1	45	34	6	3	0	7158	5
59006	1785626865-KTP1	315	1	36	25	4	0	0	5772	9
59007	1785626865-KTP1	316	1	21	30	1	0	0	3183	5
59008	1785626865-KTP1	319	1	23	34	2	0	0	4487	6
59009	1785626865-KTP1	321	1	31	28	2	0	0	4811	2
59010	1785626865-KTP1	328	1	16	24	0	0	0	2668	3
59011	1785626865-KTP1	333	1	29	26	5	0	0	4773	3
59012	1785626865-KTP1	335	1	24	21	2	0	0	3887	2
59013	1785626865-KTP1	336	1	23	26	5	0	0	3018	5
59014	1785626865-KTP1	337	1	25	25	1	0	0	4907	6
59015	1785626865-KTP1	343	1	19	27	3	1	0	2536	4
59016	1785626865-KTP1	347	1	31	23	4	0	0	4688	6
59020	1785626865-KTP1	298	2	25	31	10	2	0	4124	5
59021	1785626865-KTP1	315	2	33	30	2	0	0	5666	6
59022	1785626865-KTP1	316	2	22	29	2	0	0	3191	4
59023	1785626865-KTP1	319	2	24	26	1	0	0	3524	10
59024	1785626865-KTP1	321	2	25	25	4	0	0	4694	6
59025	1785626865-KTP1	328	2	26	22	4	0	0	5013	8
59026	1785626865-KTP1	333	2	20	24	6	1	0	3308	7
59027	1785626865-KTP1	335	2	29	33	3	1	0	4491	4
59028	1785626865-KTP1	336	2	35	20	9	0	0	6024	9
59029	1785626865-KTP1	337	2	23	27	2	0	0	3654	4
59030	1785626865-KTP1	343	2	26	26	8	0	0	4737	5
59031	1785626865-KTP1	347	2	33	28	2	0	0	5508	4
59035	1785626865-KTP1	298	0	70	65	16	5	0	11282	10
59036	1785626865-KTP1	315	0	69	55	6	0	0	11438	15
59037	1785626865-KTP1	316	0	43	59	3	0	0	6374	9
59038	1785626865-KTP1	319	0	47	60	3	0	0	8011	16
59039	1785626865-KTP1	321	0	56	53	6	0	0	9505	8
59040	1785626865-KTP1	328	0	42	46	4	0	0	7681	11
59041	1785626865-KTP1	333	0	49	50	11	1	0	8081	10
59042	1785626865-KTP1	335	0	53	54	5	1	0	8378	6
59043	1785626865-KTP1	336	0	58	46	14	0	0	9042	14
59044	1785626865-KTP1	337	0	48	52	3	0	0	8561	10
59045	1785626865-KTP1	343	0	45	53	11	1	0	7273	9
59046	1785626865-KTP1	347	0	64	51	6	0	0	10196	10
59050	1785627335-KTP4	293	1	30	15	2	0	0	4899	17
59051	1785627335-KTP4	294	1	17	24	1	0	0	2569	5
59052	1785627335-KTP4	295	1	30	19	8	0	0	5158	4
59053	1785627335-KTP4	301	1	35	27	4	1	0	5905	4
59054	1785627335-KTP4	302	1	21	24	1	2	0	4318	3
59055	1785627335-KTP4	312	1	26	25	5	0	0	4983	0
59056	1785627335-KTP4	318	1	22	27	2	0	0	3285	5
59057	1785627335-KTP4	322	1	15	33	4	0	0	3116	8
59058	1785627335-KTP4	324	1	29	23	4	1	0	5383	6
59059	1785627335-KTP4	325	1	23	31	0	0	0	3144	4
59060	1785627335-KTP4	341	1	13	22	4	1	0	2153	4
59061	1785627335-KTP4	351	1	28	19	4	1	0	4019	7
59065	1785627335-KTP4	293	2	29	22	2	0	0	4825	8
59066	1785627335-KTP4	294	2	23	25	2	0	0	3508	4
59067	1785627335-KTP4	295	2	19	25	6	0	0	3154	9
59068	1785627335-KTP4	301	2	30	25	1	4	0	5368	15
59069	1785627335-KTP4	302	2	31	26	4	0	0	4915	9
59070	1785627335-KTP4	312	2	19	32	4	1	0	2652	5
59071	1785627335-KTP4	318	2	25	25	2	0	0	4321	4
59072	1785627335-KTP4	322	2	19	26	4	1	0	3827	15
59073	1785627335-KTP4	324	2	35	24	6	1	0	6220	7
59074	1785627335-KTP4	325	2	28	29	6	2	0	5967	6
59075	1785627335-KTP4	341	2	22	19	2	0	0	3532	8
59076	1785627335-KTP4	351	2	23	25	5	0	0	3450	8
59080	1785627335-KTP4	293	0	59	37	4	0	0	9724	25
59081	1785627335-KTP4	294	0	40	49	3	0	0	6077	9
59082	1785627335-KTP4	295	0	49	44	14	0	0	8312	13
59083	1785627335-KTP4	301	0	65	52	5	5	0	11273	19
59084	1785627335-KTP4	302	0	52	50	5	2	0	9233	12
59085	1785627335-KTP4	312	0	45	57	9	1	0	7635	5
59086	1785627335-KTP4	318	0	47	52	4	0	0	7606	9
59087	1785627335-KTP4	322	0	34	59	8	1	0	6943	23
59088	1785627335-KTP4	324	0	64	47	10	2	0	11603	13
59089	1785627335-KTP4	325	0	51	60	6	2	0	9111	10
59090	1785627335-KTP4	341	0	35	41	6	1	0	5685	12
59091	1785627335-KTP4	351	0	51	44	9	1	0	7469	15
59095	1785627163-KTP3	288	1	28	24	6	0	0	4472	7
59096	1785627163-KTP3	290	1	34	20	2	0	0	5734	5
59097	1785627163-KTP3	296	1	23	26	1	0	0	4256	14
59098	1785627163-KTP3	299	1	38	21	3	1	0	5410	5
59099	1785627163-KTP3	305	1	18	31	6	2	0	2775	4
59100	1785627163-KTP3	309	1	31	24	5	1	0	5807	7
59101	1785627163-KTP3	317	1	29	27	0	2	0	4794	3
59102	1785627163-KTP3	330	1	15	24	6	0	0	2244	4
59103	1785627163-KTP3	332	1	32	34	2	1	0	5096	6
59104	1785627163-KTP3	334	1	23	21	0	0	0	3511	4
59105	1785627163-KTP3	342	1	22	30	4	0	0	3869	12
59106	1785627163-KTP3	350	1	20	31	4	0	0	3420	1
59110	1785627163-KTP3	288	2	27	30	7	0	0	4260	15
59111	1785627163-KTP3	290	2	33	28	2	1	0	5887	6
59112	1785627163-KTP3	296	2	34	25	3	0	0	5285	17
59113	1785627163-KTP3	299	2	25	27	9	1	0	4810	1
59114	1785627163-KTP3	305	2	28	26	1	2	0	4407	7
59115	1785627163-KTP3	309	2	24	32	9	1	0	5202	3
59116	1785627163-KTP3	317	2	20	31	2	0	0	3472	5
59117	1785627163-KTP3	330	2	23	22	5	1	0	4011	8
59118	1785627163-KTP3	332	2	37	36	6	0	0	6830	5
59119	1785627163-KTP3	334	2	35	17	1	1	0	5138	3
59120	1785627163-KTP3	342	2	32	29	5	0	0	5014	17
59121	1785627163-KTP3	350	2	19	34	2	0	0	3248	6
59125	1785627163-KTP3	288	0	55	54	13	0	0	8732	22
59126	1785627163-KTP3	290	0	67	48	4	1	0	11621	11
59127	1785627163-KTP3	296	0	57	51	4	0	0	9541	31
59128	1785627163-KTP3	299	0	63	48	12	2	0	10220	6
59129	1785627163-KTP3	305	0	46	57	7	4	0	7182	11
59130	1785627163-KTP3	309	0	55	56	14	2	0	11009	10
59131	1785627163-KTP3	317	0	49	58	2	2	0	8266	8
59132	1785627163-KTP3	330	0	38	46	11	1	0	6255	12
59133	1785627163-KTP3	332	0	69	70	8	1	0	11926	11
59134	1785627163-KTP3	334	0	58	38	1	1	0	8649	7
59135	1785627163-KTP3	342	0	54	59	9	0	0	8883	29
59136	1785627163-KTP3	350	0	39	65	6	0	0	6668	7
59140	1785631596-KTP2	291	1	18	18	3	0	0	2338	4
59141	1785631596-KTP2	298	1	28	21	6	0	0	4393	6
59142	1785631596-KTP2	313	1	18	20	1	0	0	2627	2
59143	1785631596-KTP2	314	1	13	18	3	0	0	2381	2
59144	1785631596-KTP2	320	1	24	11	5	0	0	3880	4
59145	1785631596-KTP2	323	1	25	20	4	0	0	4917	4
59146	1785631596-KTP2	327	1	17	21	6	0	0	2762	6
59147	1785631596-KTP2	328	1	17	20	4	2	0	4231	6
59148	1785631596-KTP2	333	1	20	14	4	0	0	2813	3
59149	1785631596-KTP2	335	1	13	17	2	1	0	2217	6
59150	1785631596-KTP2	337	1	17	24	3	1	0	2854	2
59151	1785631596-KTP2	347	1	13	19	1	0	0	2405	2
59155	1785631596-KTP2	291	2	20	19	2	0	0	3307	6
59156	1785631596-KTP2	298	2	13	22	2	0	0	1927	4
59157	1785631596-KTP2	313	2	16	19	1	1	0	3101	5
59158	1785631596-KTP2	314	2	13	20	0	0	0	2351	2
59159	1785631596-KTP2	320	2	21	11	4	0	0	3860	0
59160	1785631596-KTP2	323	2	27	22	0	0	0	4331	2
59161	1785631596-KTP2	327	2	27	14	9	0	0	4349	7
59162	1785631596-KTP2	328	2	14	19	0	1	0	2066	4
59163	1785631596-KTP2	333	2	12	24	2	0	0	2246	5
59164	1785631596-KTP2	335	2	20	18	3	0	0	3334	4
59165	1785631596-KTP2	337	2	23	22	4	1	0	4836	7
59166	1785631596-KTP2	347	2	23	19	3	1	0	3530	5
59170	1785631596-KTP2	291	0	38	37	5	0	0	5645	10
59171	1785631596-KTP2	298	0	41	43	8	0	0	6320	10
59172	1785631596-KTP2	313	0	34	39	2	1	0	5728	7
59173	1785631596-KTP2	314	0	26	38	3	0	0	4732	4
59174	1785631596-KTP2	320	0	45	22	9	0	0	7740	4
59175	1785631596-KTP2	323	0	52	42	4	0	0	9248	6
59176	1785631596-KTP2	327	0	44	35	15	0	0	7111	13
59177	1785631596-KTP2	328	0	31	39	4	3	0	6297	10
59178	1785631596-KTP2	333	0	32	38	6	0	0	5059	8
59179	1785631596-KTP2	335	0	33	35	5	1	0	5551	10
59180	1785631596-KTP2	337	0	40	46	7	2	0	7690	9
59181	1785631596-KTP2	347	0	36	38	4	1	0	5935	7
59185	1785631534-KTP1	289	1	18	20	2	1	0	3126	13
59186	1785631534-KTP1	300	1	21	19	1	0	0	3021	9
59187	1785631534-KTP1	304	1	18	21	1	0	0	3256	9
59188	1785631534-KTP1	310	1	18	15	0	0	0	2763	5
59189	1785631534-KTP1	315	1	23	20	3	1	0	3639	10
59190	1785631534-KTP1	316	1	15	17	4	1	0	3371	4
59191	1785631534-KTP1	319	1	8	26	2	2	0	2570	16
59192	1785631534-KTP1	321	1	25	19	0	0	0	3213	8
59193	1785631534-KTP1	336	1	19	19	6	0	0	2603	5
59194	1785631534-KTP1	338	1	26	17	7	0	0	4019	17
59195	1785631534-KTP1	343	1	21	18	7	0	0	2890	4
59196	1785631534-KTP1	348	1	18	19	4	1	0	3876	4
59200	1785631534-KTP1	289	2	23	23	4	0	0	4549	12
59201	1785631534-KTP1	300	2	17	16	0	1	0	2746	9
59202	1785631534-KTP1	304	2	28	19	1	0	0	3977	5
59203	1785631534-KTP1	310	2	23	14	2	0	0	3833	9
59204	1785631534-KTP1	315	2	21	23	4	0	0	3678	15
59205	1785631534-KTP1	316	2	20	23	3	0	0	2911	10
59206	1785631534-KTP1	319	2	7	29	0	3	0	1486	11
59207	1785631534-KTP1	321	2	22	22	2	0	0	3899	12
59208	1785631534-KTP1	336	2	23	19	5	0	0	3421	8
59209	1785631534-KTP1	338	2	20	23	8	0	0	2762	7
59210	1785631534-KTP1	343	2	20	18	3	0	0	3326	11
59211	1785631534-KTP1	348	2	23	18	2	0	0	3946	7
59215	1785631534-KTP1	289	0	41	43	6	1	0	7675	25
59216	1785631534-KTP1	300	0	38	35	1	1	0	5767	18
59217	1785631534-KTP1	304	0	46	40	2	0	0	7233	14
59218	1785631534-KTP1	310	0	41	29	2	0	0	6596	14
59219	1785631534-KTP1	315	0	44	43	7	1	0	7317	25
59220	1785631534-KTP1	316	0	35	40	7	1	0	6282	14
59221	1785631534-KTP1	319	0	15	55	2	5	0	4056	27
59222	1785631534-KTP1	321	0	47	41	2	0	0	7112	20
59223	1785631534-KTP1	336	0	42	38	11	0	0	6024	13
59224	1785631534-KTP1	338	0	46	40	15	0	0	6781	24
59225	1785631534-KTP1	343	0	41	36	10	0	0	6216	15
59226	1785631534-KTP1	348	0	41	37	6	1	0	7822	11
59230	1785631646-KTP4	292	1	33	23	9	0	0	4374	8
59231	1785631646-KTP4	293	1	30	17	1	2	0	5010	14
59232	1785631646-KTP4	294	1	26	16	3	2	0	4362	15
59233	1785631646-KTP4	295	1	20	17	6	0	0	3306	15
59234	1785631646-KTP4	302	1	27	19	5	0	0	4380	14
59235	1785631646-KTP4	305	1	20	26	2	1	0	3191	11
59236	1785631646-KTP4	317	1	18	22	3	0	0	3361	9
59237	1785631646-KTP4	330	1	23	24	4	0	0	3372	7
59238	1785631646-KTP4	332	1	20	36	2	0	0	3748	3
59239	1785631646-KTP4	342	1	18	29	1	0	0	3289	6
59240	1785631646-KTP4	350	1	14	29	0	0	0	1816	4
59241	1785631646-KTP4	351	1	30	21	14	1	0	4149	6
59245	1785631646-KTP4	292	2	46	19	6	2	0	7309	12
59246	1785631646-KTP4	293	2	23	23	2	1	0	3888	11
59247	1785631646-KTP4	294	2	28	13	0	1	0	3611	19
59248	1785631646-KTP4	295	2	16	21	3	0	0	2935	11
59249	1785631646-KTP4	302	2	25	23	1	0	0	3787	13
59250	1785631646-KTP4	305	2	15	29	6	0	0	2290	10
59251	1785631646-KTP4	317	2	20	25	1	0	0	3014	6
59252	1785631646-KTP4	330	2	12	22	3	0	0	2110	8
59253	1785631646-KTP4	332	2	25	31	4	1	0	5082	9
59254	1785631646-KTP4	342	2	23	25	4	1	0	4150	7
59255	1785631646-KTP4	350	2	26	25	3	0	0	4079	7
59256	1785631646-KTP4	351	2	19	22	6	2	0	2468	15
59260	1785631646-KTP4	292	0	79	42	15	2	0	11683	20
59261	1785631646-KTP4	293	0	53	40	3	3	0	8898	25
59262	1785631646-KTP4	294	0	54	29	3	3	0	7973	34
59263	1785631646-KTP4	295	0	36	38	9	0	0	6241	26
59264	1785631646-KTP4	302	0	52	42	6	0	0	8167	27
59265	1785631646-KTP4	305	0	35	55	8	1	0	5481	21
59266	1785631646-KTP4	317	0	38	47	4	0	0	6375	15
59267	1785631646-KTP4	330	0	35	46	7	0	0	5482	15
59268	1785631646-KTP4	332	0	45	67	6	1	0	8830	12
59269	1785631646-KTP4	342	0	41	54	5	1	0	7439	13
59270	1785631646-KTP4	350	0	40	54	3	0	0	5895	11
59271	1785631646-KTP4	351	0	49	43	20	3	0	6617	21
59275	1785631879-KTP3	288	1	38	19	7	1	0	5374	11
59276	1785631879-KTP3	290	1	33	18	3	1	0	5073	8
59277	1785631879-KTP3	296	1	24	24	4	0	0	4519	12
59278	1785631879-KTP3	299	1	18	17	5	0	0	2783	11
59279	1785631879-KTP3	306	1	11	27	3	1	0	2398	6
59280	1785631879-KTP3	308	1	28	17	4	0	0	4715	4
59281	1785631879-KTP3	309	1	21	24	1	0	0	2846	4
59282	1785631879-KTP3	311	1	16	27	3	0	0	3399	9
59283	1785631879-KTP3	326	1	17	29	5	1	0	2552	13
59284	1785631879-KTP3	331	1	24	25	0	1	0	4286	7
59285	1785631879-KTP3	334	1	20	13	2	1	0	3521	6
59286	1785631879-KTP3	345	1	19	29	4	0	0	3232	9
59290	1785631879-KTP3	288	2	24	23	3	0	0	3658	14
59291	1785631879-KTP3	290	2	32	17	3	0	0	5205	10
59292	1785631879-KTP3	296	2	22	23	2	2	0	4108	10
59293	1785631879-KTP3	299	2	22	19	3	2	0	3707	8
59294	1785631879-KTP3	306	2	12	26	4	1	0	2599	3
59295	1785631879-KTP3	308	2	21	16	4	0	0	3683	1
59296	1785631879-KTP3	309	2	20	24	1	0	0	3035	6
59297	1785631879-KTP3	311	2	25	25	4	0	0	4380	6
59298	1785631879-KTP3	326	2	22	24	5	0	0	3467	6
59299	1785631879-KTP3	331	2	27	24	2	1	0	4352	12
59300	1785631879-KTP3	334	2	22	18	3	2	0	4489	6
59301	1785631879-KTP3	345	2	17	27	4	1	0	2936	7
59305	1785631879-KTP3	288	0	62	42	10	1	0	9032	25
59306	1785631879-KTP3	290	0	65	35	6	1	0	10278	18
59307	1785631879-KTP3	296	0	46	47	6	2	0	8627	22
59308	1785631879-KTP3	299	0	40	36	8	2	0	6490	19
59309	1785631879-KTP3	306	0	23	53	7	2	0	4997	9
59310	1785631879-KTP3	308	0	49	33	8	0	0	8398	5
59311	1785631879-KTP3	309	0	41	48	2	0	0	5881	10
59312	1785631879-KTP3	311	0	41	52	7	0	0	7779	15
59313	1785631879-KTP3	326	0	39	53	10	1	0	6019	19
59314	1785631879-KTP3	331	0	51	49	2	2	0	8638	19
59315	1785631879-KTP3	334	0	42	31	5	3	0	8010	12
59316	1785631879-KTP3	345	0	36	56	8	1	0	6168	16
59320	1785632905-KTP5	297	1	16	22	2	0	0	2944	4
59321	1785632905-KTP5	307	1	29	33	3	1	0	5405	7
59322	1785632905-KTP5	312	1	29	24	8	0	0	5743	7
59323	1785632905-KTP5	318	1	31	18	6	0	0	4597	12
59324	1785632905-KTP5	322	1	18	21	2	0	0	3019	7
59325	1785632905-KTP5	324	1	17	19	1	0	0	2637	11
59326	1785632905-KTP5	325	1	29	15	3	0	0	4840	8
59327	1785632905-KTP5	340	1	13	21	2	1	0	2492	7
59328	1785632905-KTP5	341	1	23	15	2	2	0	3321	10
59329	1785632905-KTP5	344	1	19	24	0	0	0	2433	5
59330	1785632905-KTP5	346	1	20	20	2	0	0	2847	8
59331	1785632905-KTP5	352	1	15	27	2	0	0	2668	10
59335	1785632905-KTP5	297	2	16	21	0	1	0	2369	8
59336	1785632905-KTP5	307	2	20	29	2	2	0	4398	5
59337	1785632905-KTP5	312	2	37	13	0	1	0	4941	8
59338	1785632905-KTP5	318	2	24	14	2	0	0	3387	4
59339	1785632905-KTP5	322	2	27	20	2	0	0	4882	14
59340	1785632905-KTP5	324	2	18	18	2	2	0	3908	15
59341	1785632905-KTP5	325	2	26	21	7	1	0	5213	12
59342	1785632905-KTP5	340	2	14	26	3	1	0	2849	12
59343	1785632905-KTP5	341	2	21	12	5	1	0	4022	22
59344	1785632905-KTP5	344	2	18	24	1	0	0	2341	7
59345	1785632905-KTP5	346	2	9	25	3	0	0	1718	6
59346	1785632905-KTP5	352	2	21	28	4	0	0	3800	7
59350	1785632905-KTP5	297	0	32	43	2	1	0	5313	12
59351	1785632905-KTP5	307	0	49	62	5	3	0	9803	12
59352	1785632905-KTP5	312	0	66	37	8	1	0	10684	15
59353	1785632905-KTP5	318	0	55	32	8	0	0	7984	16
59354	1785632905-KTP5	322	0	45	41	4	0	0	7901	21
59355	1785632905-KTP5	324	0	35	37	3	2	0	6545	26
59356	1785632905-KTP5	325	0	55	36	10	1	0	10053	20
59357	1785632905-KTP5	340	0	27	47	5	2	0	5341	19
59358	1785632905-KTP5	341	0	44	27	7	3	0	7343	32
59359	1785632905-KTP5	344	0	37	48	1	0	0	4774	12
59360	1785632905-KTP5	346	0	29	45	5	0	0	4565	14
59361	1785632905-KTP5	352	0	36	55	6	0	0	6468	17
59365	1785647181-KTP1	290	1	38	18	5	3	0	6652	11
59366	1785647181-KTP1	293	1	43	24	9	0	0	6876	8
59367	1785647181-KTP1	294	1	22	24	3	2	0	3182	12
59368	1785647181-KTP1	295	1	25	15	7	3	0	3935	4
59369	1785647181-KTP1	309	1	29	24	6	1	0	5341	8
59370	1785647181-KTP1	317	1	21	25	4	1	0	2782	7
59371	1785647181-KTP1	328	1	33	30	1	2	0	5288	6
59372	1785647181-KTP1	331	1	18	27	2	0	0	2648	4
59373	1785647181-KTP1	332	1	26	37	6	0	0	4506	6
59374	1785647181-KTP1	334	1	21	19	5	3	0	3386	10
59375	1785647181-KTP1	337	1	12	35	3	2	0	2395	5
59376	1785647181-KTP1	351	1	19	29	3	4	0	3413	6
59380	1785647181-KTP1	290	0	38	18	5	3	0	6652	11
59381	1785647181-KTP1	293	0	43	24	9	0	0	6876	8
59382	1785647181-KTP1	294	0	22	24	3	2	0	3182	12
59383	1785647181-KTP1	295	0	25	15	7	3	0	3935	4
59384	1785647181-KTP1	309	0	29	24	6	1	0	5341	8
59385	1785647181-KTP1	317	0	21	25	4	1	0	2782	7
59386	1785647181-KTP1	328	0	33	30	1	2	0	5288	6
59387	1785647181-KTP1	331	0	18	27	2	0	0	2648	4
59388	1785647181-KTP1	332	0	26	37	6	0	0	4506	6
59389	1785647181-KTP1	334	0	21	19	5	3	0	3386	10
59390	1785647181-KTP1	337	0	12	35	3	2	0	2395	5
59391	1785647181-KTP1	351	0	19	29	3	4	0	3413	6
59395	1785683245-KTP3	305	1	18	20	2	0	0	2191	6
59396	1785683245-KTP3	306	1	24	24	6	2	0	4292	9
59397	1785683245-KTP3	308	1	32	16	5	0	0	5893	4
59398	1785683245-KTP3	311	1	35	19	4	0	0	6781	6
59399	1785683245-KTP3	317	1	16	26	3	0	0	2879	8
59400	1785683245-KTP3	326	1	20	22	2	0	0	3299	6
59401	1785683245-KTP3	330	1	26	24	9	0	0	3532	7
59402	1785683245-KTP3	331	1	25	30	4	0	0	4590	9
59403	1785683245-KTP3	332	1	25	36	5	0	0	4359	4
59404	1785683245-KTP3	342	1	27	27	3	0	0	4406	6
59405	1785683245-KTP3	345	1	28	26	9	0	0	4782	9
59406	1785683245-KTP3	350	1	25	31	2	0	0	3813	1
59410	1785683245-KTP3	305	2	22	27	5	0	0	3518	6
59411	1785683245-KTP3	306	2	18	31	2	0	0	2713	6
59412	1785683245-KTP3	308	2	31	23	3	0	0	4920	2
59413	1785683245-KTP3	311	2	36	22	2	0	0	5226	11
59414	1785683245-KTP3	317	2	22	26	1	0	0	3431	2
59415	1785683245-KTP3	326	2	29	23	8	0	0	4021	14
59416	1785683245-KTP3	330	2	19	22	2	0	0	3036	7
59417	1785683245-KTP3	331	2	27	27	0	0	0	3861	2
59418	1785683245-KTP3	332	2	41	33	10	0	0	7351	9
59419	1785683245-KTP3	342	2	19	24	4	0	0	3691	8
59420	1785683245-KTP3	345	2	19	28	10	0	0	2883	2
59421	1785683245-KTP3	350	2	31	28	4	0	0	5314	7
59425	1785683245-KTP3	305	0	40	47	7	0	0	5709	12
59426	1785683245-KTP3	306	0	42	55	8	2	0	7005	15
59427	1785683245-KTP3	308	0	63	39	8	0	0	10813	6
59428	1785683245-KTP3	311	0	71	41	6	0	0	12007	17
59429	1785683245-KTP3	317	0	38	52	4	0	0	6310	10
59430	1785683245-KTP3	326	0	49	45	10	0	0	7320	20
59431	1785683245-KTP3	330	0	45	46	11	0	0	6568	14
59432	1785683245-KTP3	331	0	52	57	4	0	0	8451	11
59433	1785683245-KTP3	332	0	66	69	15	0	0	11710	13
59434	1785683245-KTP3	342	0	46	51	7	0	0	8097	14
59435	1785683245-KTP3	345	0	47	54	19	0	0	7665	11
59436	1785683245-KTP3	350	0	56	59	6	0	0	9127	8
59440	1785684914-KTP5	288	1	10	24	3	0	0	1579	2
59441	1785684914-KTP5	290	1	16	24	0	0	0	2114	0
59442	1785684914-KTP5	296	1	18	28	2	0	0	2912	0
59443	1785684914-KTP5	298	1	29	23	6	1	0	4684	0
59444	1785684914-KTP5	299	1	21	20	3	1	0	3506	0
59445	1785684914-KTP5	309	1	9	23	0	1	0	1498	0
59446	1785684914-KTP5	328	1	22	15	1	0	0	4216	8
59447	1785684914-KTP5	333	1	20	13	2	1	0	2948	0
59448	1785684914-KTP5	334	1	23	23	1	0	0	3179	0
59449	1785684914-KTP5	335	1	24	16	3	0	0	3860	1
59450	1785684914-KTP5	337	1	16	17	4	0	0	3151	1
59451	1785684914-KTP5	347	1	31	13	5	1	0	5065	3
59455	1785684914-KTP5	288	2	11	14	1	1	0	0	1
59456	1785684914-KTP5	290	2	10	8	2	2	0	2048	2
59457	1785684914-KTP5	296	2	5	8	2	0	0	0	2
59458	1785684914-KTP5	298	2	14	10	3	0	0	0	2
59459	1785684914-KTP5	299	2	10	8	1	1	0	0	0
59460	1785684914-KTP5	309	2	7	14	1	1	0	1476	1
59461	1785684914-KTP5	328	2	4	6	0	3	0	0	1
59462	1785684914-KTP5	333	2	13	9	1	0	0	1588	3
59463	1785684914-KTP5	334	2	2	9	0	0	0	334	1
59464	1785684914-KTP5	335	2	7	7	2	0	0	1318	4
59465	1785684914-KTP5	337	2	10	7	1	0	0	1625	1
59466	1785684914-KTP5	347	2	13	6	1	1	0	2154	4
59470	1785684914-KTP5	288	0	21	38	4	1	0	1579	3
59471	1785684914-KTP5	290	0	26	32	2	2	0	4162	2
59472	1785684914-KTP5	296	0	23	36	4	0	0	2912	2
59473	1785684914-KTP5	298	0	43	33	9	1	0	4684	2
59474	1785684914-KTP5	299	0	31	28	4	2	0	3506	0
59475	1785684914-KTP5	309	0	16	37	1	2	0	2974	1
59476	1785684914-KTP5	328	0	26	21	1	3	0	4216	9
59477	1785684914-KTP5	333	0	33	22	3	1	0	4536	3
59478	1785684914-KTP5	334	0	25	32	1	0	0	3513	1
59479	1785684914-KTP5	335	0	31	23	5	0	0	5178	5
59480	1785684914-KTP5	337	0	26	24	5	0	0	4776	2
59481	1785684914-KTP5	347	0	44	19	6	2	0	7219	7
59485	1785684972-KTP4	292	1	21	19	3	1	0	3406	3
59486	1785684972-KTP4	293	1	14	15	1	1	0	2694	2
59487	1785684972-KTP4	294	1	11	22	1	0	0	1800	4
59488	1785684972-KTP4	295	1	20	18	1	0	0	2928	3
59489	1785684972-KTP4	301	1	25	22	1	0	0	4240	6
59490	1785684972-KTP4	302	1	17	23	3	0	0	2762	3
59491	1785684972-KTP4	315	1	21	21	4	0	0	3908	8
59492	1785684972-KTP4	316	1	23	14	1	0	0	3340	2
59493	1785684972-KTP4	319	1	17	18	1	1	0	3046	6
59494	1785684972-KTP4	321	1	21	17	2	1	0	3716	3
59495	1785684972-KTP4	336	1	22	18	5	0	0	3201	1
59496	1785684972-KTP4	343	1	15	20	3	0	0	2366	4
59500	1785684972-KTP4	292	2	14	25	2	1	0	2046	6
59501	1785684972-KTP4	293	2	20	15	1	2	0	3576	2
59502	1785684972-KTP4	294	2	14	21	1	0	0	2060	4
59503	1785684972-KTP4	295	2	15	22	5	0	0	2137	2
59504	1785684972-KTP4	301	2	23	24	1	0	0	3524	4
59505	1785684972-KTP4	302	2	21	21	6	0	0	4372	4
59506	1785684972-KTP4	315	2	19	17	4	0	0	4063	7
59507	1785684972-KTP4	316	2	29	15	3	0	0	4609	2
59508	1785684972-KTP4	319	2	17	22	3	0	0	2991	4
59509	1785684972-KTP4	321	2	22	17	7	0	0	4157	9
59510	1785684972-KTP4	336	2	25	16	3	0	0	4279	5
59511	1785684972-KTP4	343	2	16	20	0	1	0	2770	3
59515	1785684972-KTP4	292	0	35	44	5	2	0	5452	9
59516	1785684972-KTP4	293	0	34	30	2	3	0	6270	4
59517	1785684972-KTP4	294	0	25	43	2	0	0	3860	8
59518	1785684972-KTP4	295	0	35	40	6	0	0	5065	5
59519	1785684972-KTP4	301	0	48	46	2	0	0	7764	10
59520	1785684972-KTP4	302	0	38	44	9	0	0	7134	7
59521	1785684972-KTP4	315	0	40	38	8	0	0	7971	15
59522	1785684972-KTP4	316	0	52	29	4	0	0	7949	4
59523	1785684972-KTP4	319	0	34	40	4	1	0	6037	10
59524	1785684972-KTP4	321	0	43	34	9	1	0	7873	12
59525	1785684972-KTP4	336	0	47	34	8	0	0	7480	6
59526	1785684972-KTP4	343	0	31	40	3	1	0	5136	7
59530	1785684806-KTP2	297	1	13	26	0	0	0	2227	1
59531	1785684806-KTP2	307	1	32	26	13	0	0	4867	1
59532	1785684806-KTP2	312	1	27	13	1	0	0	3913	5
59533	1785684806-KTP2	318	1	23	18	3	0	0	3603	3
59534	1785684806-KTP2	322	1	19	26	1	0	0	2772	2
59535	1785684806-KTP2	324	1	35	20	4	1	0	6632	6
59536	1785684806-KTP2	325	1	21	17	2	0	0	4186	10
59537	1785684806-KTP2	340	1	10	26	1	0	0	2156	6
59538	1785684806-KTP2	341	1	35	19	3	1	0	5471	4
59539	1785684806-KTP2	344	1	16	31	5	1	0	2482	2
59540	1785684806-KTP2	346	1	16	20	4	0	0	3252	2
59541	1785684806-KTP2	352	1	26	31	5	1	0	4815	4
59545	1785684806-KTP2	297	2	14	29	1	1	0	2952	2
59546	1785684806-KTP2	307	2	24	34	6	3	0	4552	8
59547	1785684806-KTP2	312	2	31	13	3	0	0	5196	2
59548	1785684806-KTP2	318	2	34	21	7	0	0	4789	6
59549	1785684806-KTP2	322	2	18	18	1	2	0	3503	9
59550	1785684806-KTP2	324	2	39	18	0	0	0	5165	3
59551	1785684806-KTP2	325	2	27	19	1	0	0	3984	8
59552	1785684806-KTP2	340	2	15	25	2	0	0	3103	2
59553	1785684806-KTP2	341	2	28	16	2	0	0	4300	5
59554	1785684806-KTP2	344	2	15	31	0	1	0	2377	4
59555	1785684806-KTP2	346	2	22	26	2	0	0	3052	2
59556	1785684806-KTP2	352	2	15	32	0	1	0	2379	4
59560	1785684806-KTP2	297	0	27	55	1	1	0	5179	3
59561	1785684806-KTP2	307	0	56	60	19	3	0	9419	9
59562	1785684806-KTP2	312	0	58	26	4	0	0	9109	7
59563	1785684806-KTP2	318	0	57	39	10	0	0	8392	9
59564	1785684806-KTP2	322	0	37	44	2	2	0	6275	11
59565	1785684806-KTP2	324	0	74	38	4	1	0	11797	9
59566	1785684806-KTP2	325	0	48	36	3	0	0	8170	18
59567	1785684806-KTP2	340	0	25	51	3	0	0	5259	8
59568	1785684806-KTP2	341	0	63	35	5	1	0	9771	9
59569	1785684806-KTP2	344	0	31	62	5	2	0	4859	6
59570	1785684806-KTP2	346	0	38	46	6	0	0	6304	4
59571	1785684806-KTP2	352	0	41	63	5	2	0	7194	8
59575	1785687748-KTP3	291	1	16	28	5	0	0	2437	2
59576	1785687748-KTP3	298	1	27	29	1	1	0	4080	5
59577	1785687748-KTP3	313	1	17	22	4	1	0	3046	3
59578	1785687748-KTP3	314	1	20	24	2	0	0	3125	5
59579	1785687748-KTP3	320	1	18	20	5	1	0	2555	4
59580	1785687748-KTP3	323	1	31	27	1	0	0	4398	5
59581	1785687748-KTP3	327	1	24	29	7	0	0	3170	4
59582	1785687748-KTP3	328	1	20	20	3	0	0	3572	6
59583	1785687748-KTP3	333	1	21	23	7	0	0	3863	8
59584	1785687748-KTP3	335	1	18	17	3	1	0	3202	11
59585	1785687748-KTP3	337	1	37	20	6	0	0	6226	3
59586	1785687748-KTP3	347	1	27	17	6	0	0	5182	8
59590	1785687748-KTP3	291	2	21	23	2	0	0	3531	10
59591	1785687748-KTP3	298	2	24	29	4	1	0	4541	8
59592	1785687748-KTP3	313	2	18	21	0	0	0	2992	2
59593	1785687748-KTP3	314	2	23	20	5	0	0	4313	11
59594	1785687748-KTP3	320	2	18	24	2	0	0	2434	9
59595	1785687748-KTP3	323	2	22	20	3	0	0	4186	6
59596	1785687748-KTP3	327	2	34	22	5	0	0	5462	10
59597	1785687748-KTP3	328	2	21	25	4	0	0	3744	2
59598	1785687748-KTP3	333	2	19	21	4	1	0	2586	7
59599	1785687748-KTP3	335	2	22	18	1	1	0	3087	9
59600	1785687748-KTP3	337	2	24	22	2	0	0	3799	6
59601	1785687748-KTP3	347	2	20	21	1	0	0	3275	9
59605	1785687748-KTP3	291	0	37	51	7	0	0	5968	12
59606	1785687748-KTP3	298	0	51	58	5	2	0	8621	13
59607	1785687748-KTP3	313	0	35	43	4	1	0	6038	5
59608	1785687748-KTP3	314	0	43	44	7	0	0	7438	16
59609	1785687748-KTP3	320	0	36	44	7	1	0	4989	13
59610	1785687748-KTP3	323	0	53	47	4	0	0	8584	11
59611	1785687748-KTP3	327	0	58	51	12	0	0	8632	14
59612	1785687748-KTP3	328	0	41	45	7	0	0	7316	8
59613	1785687748-KTP3	333	0	40	44	11	1	0	6449	15
59614	1785687748-KTP3	335	0	40	35	4	2	0	6289	20
59615	1785687748-KTP3	337	0	61	42	8	0	0	10025	9
59616	1785687748-KTP3	347	0	47	38	7	0	0	8457	17
59620	1785688166-KTP2	288	1	31	31	3	0	0	4317	3
59621	1785688166-KTP2	290	1	32	25	0	1	0	4390	5
59622	1785688166-KTP2	292	1	30	26	5	0	0	4636	5
59623	1785688166-KTP2	293	1	28	17	0	1	0	3689	3
59624	1785688166-KTP2	294	1	25	24	1	0	0	3250	4
59625	1785688166-KTP2	295	1	15	30	3	2	0	3182	1
59626	1785688166-KTP2	296	1	21	25	2	0	0	4019	7
59627	1785688166-KTP2	299	1	25	15	6	0	0	4180	2
59628	1785688166-KTP2	301	1	23	32	2	0	0	3804	2
59629	1785688166-KTP2	302	1	26	27	5	1	0	5220	3
59630	1785688166-KTP2	309	1	24	28	4	1	0	3377	3
59631	1785688166-KTP2	334	1	23	23	4	0	0	4333	2
59635	1785688166-KTP2	288	2	24	22	4	0	0	4284	10
59636	1785688166-KTP2	290	2	24	21	1	0	0	3803	3
59637	1785688166-KTP2	292	2	20	32	2	0	0	3158	8
59638	1785688166-KTP2	293	2	27	22	4	0	0	3901	2
59639	1785688166-KTP2	294	2	19	18	1	0	0	2826	3
59640	1785688166-KTP2	295	2	20	27	3	1	0	2484	1
59641	1785688166-KTP2	296	2	29	19	2	0	0	4770	4
59642	1785688166-KTP2	299	2	37	19	3	0	0	5143	4
59643	1785688166-KTP2	301	2	24	30	0	0	0	3438	1
59644	1785688166-KTP2	302	2	15	34	3	1	0	2944	3
59645	1785688166-KTP2	309	2	28	25	2	1	0	4130	4
59646	1785688166-KTP2	334	2	21	19	3	2	0	4150	2
59650	1785688166-KTP2	288	0	55	53	7	0	0	8601	13
59651	1785688166-KTP2	290	0	56	46	1	1	0	8193	8
59652	1785688166-KTP2	292	0	50	58	7	0	0	7794	13
59653	1785688166-KTP2	293	0	55	39	4	1	0	7590	5
59654	1785688166-KTP2	294	0	44	42	2	0	0	6076	7
59655	1785688166-KTP2	295	0	35	57	6	3	0	5666	2
59656	1785688166-KTP2	296	0	50	44	4	0	0	8789	11
59657	1785688166-KTP2	299	0	62	34	9	0	0	9323	6
59658	1785688166-KTP2	301	0	47	62	2	0	0	7242	3
59659	1785688166-KTP2	302	0	41	61	8	2	0	8164	6
59660	1785688166-KTP2	309	0	52	53	6	2	0	7507	7
59661	1785688166-KTP2	334	0	44	42	7	2	0	8483	4
59665	1785688578-KTP1	289	1	35	20	4	0	0	6056	17
59666	1785688578-KTP1	300	1	34	23	1	0	0	4782	13
59667	1785688578-KTP1	304	1	31	26	1	0	0	5279	8
59668	1785688578-KTP1	306	1	20	32	3	1	0	3097	6
59669	1785688578-KTP1	308	1	22	34	0	0	0	2845	0
59670	1785688578-KTP1	310	1	28	12	3	1	0	5329	8
59671	1785688578-KTP1	311	1	28	25	1	0	0	4263	4
59672	1785688578-KTP1	326	1	18	38	5	0	0	2483	5
59673	1785688578-KTP1	331	1	23	32	4	2	0	4138	2
59674	1785688578-KTP1	338	1	32	16	8	0	0	4927	7
59675	1785688578-KTP1	345	1	13	33	1	1	0	2126	4
59676	1785688578-KTP1	348	1	34	27	3	1	0	6701	4
59680	1785688578-KTP1	289	2	30	22	1	0	0	5002	14
59681	1785688578-KTP1	300	2	33	23	4	0	0	5294	9
59682	1785688578-KTP1	304	2	43	20	3	0	0	6177	8
59683	1785688578-KTP1	306	2	15	31	5	2	0	2928	9
59684	1785688578-KTP1	308	2	21	33	1	0	0	3224	3
59685	1785688578-KTP1	310	2	28	15	1	0	0	4229	6
59686	1785688578-KTP1	311	2	22	23	4	4	0	4701	5
59687	1785688578-KTP1	326	2	12	36	5	0	0	1850	10
59688	1785688578-KTP1	331	2	26	37	7	2	0	5454	2
59689	1785688578-KTP1	338	2	29	17	5	0	0	4311	10
59690	1785688578-KTP1	345	2	21	36	4	0	0	3275	7
59691	1785688578-KTP1	348	2	33	20	1	1	0	5238	8
59695	1785688578-KTP1	289	0	65	42	5	0	0	11058	31
59696	1785688578-KTP1	300	0	67	46	5	0	0	10076	22
59697	1785688578-KTP1	304	0	74	46	4	0	0	11456	16
59698	1785688578-KTP1	306	0	35	63	8	3	0	6025	15
59699	1785688578-KTP1	308	0	43	67	1	0	0	6069	3
59700	1785688578-KTP1	310	0	56	27	4	1	0	9558	14
59701	1785688578-KTP1	311	0	50	48	5	4	0	8964	9
59702	1785688578-KTP1	326	0	30	74	10	0	0	4333	15
59703	1785688578-KTP1	331	0	49	69	11	4	0	9592	4
59704	1785688578-KTP1	338	0	61	33	13	0	0	9238	17
59705	1785688578-KTP1	345	0	34	69	5	1	0	5401	11
59706	1785688578-KTP1	348	0	67	47	4	2	0	11939	12
59710	1785689244-KTP4	312	1	26	19	2	0	0	3805	2
59711	1785689244-KTP4	315	1	30	32	2	0	0	4489	4
59712	1785689244-KTP4	316	1	25	26	5	0	0	4422	9
59713	1785689244-KTP4	318	1	22	24	3	0	0	3998	1
59714	1785689244-KTP4	319	1	26	21	5	0	0	5327	20
59715	1785689244-KTP4	321	1	21	28	2	0	0	3458	7
59716	1785689244-KTP4	322	1	21	32	4	0	0	4225	21
59717	1785689244-KTP4	324	1	29	26	7	2	0	6100	8
59718	1785689244-KTP4	325	1	23	25	3	0	0	4037	4
59719	1785689244-KTP4	336	1	18	21	7	2	0	3313	4
59720	1785689244-KTP4	341	1	30	24	0	0	0	3879	6
59721	1785689244-KTP4	343	1	30	23	9	0	0	3964	6
59725	1785689244-KTP4	312	2	27	29	3	0	0	4339	3
59726	1785689244-KTP4	315	2	30	27	4	2	0	5162	11
59727	1785689244-KTP4	316	2	25	16	3	0	0	4405	6
59728	1785689244-KTP4	318	2	17	25	4	1	0	2970	3
59729	1785689244-KTP4	319	2	29	20	1	2	0	4818	11
59730	1785689244-KTP4	321	2	32	23	1	5	0	5331	9
59731	1785689244-KTP4	322	2	18	39	1	1	0	3479	9
59732	1785689244-KTP4	324	2	25	27	1	0	0	3507	6
59733	1785689244-KTP4	325	2	22	33	1	1	0	3775	4
59734	1785689244-KTP4	336	2	32	23	7	0	0	5701	6
59735	1785689244-KTP4	341	2	17	28	2	2	0	2806	5
59736	1785689244-KTP4	343	2	33	17	9	1	0	5456	7
59740	1785689244-KTP4	312	0	53	48	5	0	0	8144	5
59741	1785689244-KTP4	315	0	60	59	6	2	0	9651	15
59742	1785689244-KTP4	316	0	50	42	8	0	0	8827	15
59743	1785689244-KTP4	318	0	39	49	7	1	0	6968	4
59744	1785689244-KTP4	319	0	55	41	6	2	0	10145	31
59745	1785689244-KTP4	321	0	53	51	3	5	0	8789	16
59746	1785689244-KTP4	322	0	39	71	5	1	0	7704	30
59747	1785689244-KTP4	324	0	54	53	8	2	0	9607	14
59748	1785689244-KTP4	325	0	45	58	4	1	0	7812	8
59749	1785689244-KTP4	336	0	50	44	14	2	0	9014	10
59750	1785689244-KTP4	341	0	47	52	2	2	0	6685	11
59751	1785689244-KTP4	343	0	63	40	18	1	0	9420	13
59755	1785689147-KTP5	297	1	15	31	2	0	0	2751	6
59756	1785689147-KTP5	305	1	34	27	8	2	0	5125	3
59757	1785689147-KTP5	307	1	40	32	9	2	0	6848	8
59758	1785689147-KTP5	317	1	24	21	2	0	0	3816	9
59759	1785689147-KTP5	330	1	29	24	3	1	0	4251	6
59760	1785689147-KTP5	332	1	26	33	3	0	0	4295	9
59761	1785689147-KTP5	340	1	19	25	1	0	0	3216	5
59762	1785689147-KTP5	342	1	35	26	3	1	0	5747	7
59763	1785689147-KTP5	344	1	29	35	5	1	0	5046	4
59764	1785689147-KTP5	346	1	30	25	2	0	0	4494	2
59765	1785689147-KTP5	350	1	34	22	1	1	0	4928	5
59766	1785689147-KTP5	352	1	20	34	3	0	0	3850	6
59770	1785689147-KTP5	297	2	21	28	3	0	0	3512	6
59771	1785689147-KTP5	305	2	52	27	4	1	0	7951	5
59772	1785689147-KTP5	307	2	29	36	10	2	0	5196	3
59773	1785689147-KTP5	317	2	16	15	1	0	0	2682	2
59774	1785689147-KTP5	330	2	31	21	4	1	0	4796	5
59775	1785689147-KTP5	332	2	21	34	1	1	0	3394	3
59776	1785689147-KTP5	340	2	24	25	2	1	0	3634	7
59777	1785689147-KTP5	342	2	31	23	5	0	0	5809	4
59778	1785689147-KTP5	344	2	16	37	6	1	0	2405	4
59779	1785689147-KTP5	346	2	35	23	4	0	0	5257	0
59780	1785689147-KTP5	350	2	33	24	1	0	0	4303	1
59781	1785689147-KTP5	352	2	19	35	1	0	0	3092	2
59785	1785689147-KTP5	297	0	36	59	5	0	0	6263	12
59786	1785689147-KTP5	305	0	86	54	12	3	0	13076	8
59787	1785689147-KTP5	307	0	69	68	19	4	0	12044	11
59788	1785689147-KTP5	317	0	40	36	3	0	0	6498	11
59789	1785689147-KTP5	330	0	60	45	7	2	0	9047	11
59790	1785689147-KTP5	332	0	47	67	4	1	0	7689	12
59791	1785689147-KTP5	340	0	43	50	3	1	0	6850	12
59792	1785689147-KTP5	342	0	66	49	8	1	0	11556	11
59793	1785689147-KTP5	344	0	45	72	11	2	0	7451	8
59794	1785689147-KTP5	346	0	65	48	6	0	0	9751	2
59795	1785689147-KTP5	350	0	67	46	2	1	0	9231	6
59796	1785689147-KTP5	352	0	39	69	4	0	0	6942	8
59800	1785691815-KTP3	291	1	28	24	6	2	0	4367	1
59801	1785691815-KTP3	298	1	25	30	4	2	0	4387	0
59802	1785691815-KTP3	313	1	23	18	1	0	0	3358	5
59803	1785691815-KTP3	314	1	24	19	0	0	0	3569	4
59804	1785691815-KTP3	320	1	21	21	0	0	0	2982	3
59805	1785691815-KTP3	323	1	26	24	1	0	0	3694	4
59806	1785691815-KTP3	327	1	18	25	2	1	0	2400	2
59807	1785691815-KTP3	328	1	17	25	3	0	0	3263	2
59808	1785691815-KTP3	333	1	21	25	4	0	0	3675	0
59809	1785691815-KTP3	335	1	23	18	4	0	0	3594	1
59810	1785691815-KTP3	337	1	22	24	2	0	0	3770	6
59811	1785691815-KTP3	347	1	23	18	2	0	0	3549	8
59815	1785691815-KTP3	291	2	29	26	7	0	0	4683	2
59816	1785691815-KTP3	298	2	26	28	3	2	0	3922	0
59817	1785691815-KTP3	313	2	24	15	1	1	0	4280	6
59818	1785691815-KTP3	314	2	11	23	1	0	0	1903	0
59819	1785691815-KTP3	320	2	21	18	1	0	0	2784	6
59820	1785691815-KTP3	323	2	24	26	3	1	0	4586	4
59821	1785691815-KTP3	327	2	27	23	4	0	0	4212	4
59822	1785691815-KTP3	328	2	28	16	5	1	0	3915	3
59823	1785691815-KTP3	333	2	17	24	3	1	0	3085	0
59824	1785691815-KTP3	335	2	12	24	1	2	0	2098	4
59825	1785691815-KTP3	337	2	24	22	4	0	0	2992	2
59826	1785691815-KTP3	347	2	24	22	3	0	0	3676	5
59830	1785691815-KTP3	291	0	57	50	13	2	0	9050	3
59831	1785691815-KTP3	298	0	51	58	7	4	0	8309	0
59832	1785691815-KTP3	313	0	47	33	2	1	0	7638	11
59833	1785691815-KTP3	314	0	35	42	1	0	0	5472	4
59834	1785691815-KTP3	320	0	42	39	1	0	0	5766	9
59835	1785691815-KTP3	323	0	50	50	4	1	0	8280	8
59836	1785691815-KTP3	327	0	45	48	6	1	0	6612	6
59837	1785691815-KTP3	328	0	45	41	8	1	0	7178	5
59838	1785691815-KTP3	333	0	38	49	7	1	0	6760	0
59839	1785691815-KTP3	335	0	35	42	5	2	0	5692	5
59840	1785691815-KTP3	337	0	46	46	6	0	0	6762	8
59841	1785691815-KTP3	347	0	47	40	5	0	0	7225	13
59845	1785692369-KTP1	289	1	35	22	3	0	0	5902	11
59846	1785692369-KTP1	300	1	24	18	8	1	0	3553	3
59847	1785692369-KTP1	304	1	44	20	3	0	0	6992	8
59848	1785692369-KTP1	306	1	23	32	3	1	0	3293	2
59849	1785692369-KTP1	308	1	19	29	1	0	0	2871	1
59850	1785692369-KTP1	310	1	26	19	1	0	0	4004	3
59851	1785692369-KTP1	311	1	18	26	2	0	0	3510	2
59852	1785692369-KTP1	326	1	19	27	4	0	0	2835	8
59853	1785692369-KTP1	331	1	24	34	2	1	0	4049	1
59854	1785692369-KTP1	338	1	16	19	9	0	0	2498	4
59855	1785692369-KTP1	345	1	13	27	3	0	0	2080	2
59856	1785692369-KTP1	348	1	30	18	2	0	0	4940	4
59860	1785692369-KTP1	289	2	35	19	5	1	0	6186	7
59861	1785692369-KTP1	300	2	20	21	2	1	0	3620	4
59862	1785692369-KTP1	304	2	39	17	9	0	0	7046	9
59863	1785692369-KTP1	306	2	19	33	3	1	0	3117	5
59864	1785692369-KTP1	308	2	20	28	1	0	0	3152	2
59865	1785692369-KTP1	310	2	35	12	3	0	0	5540	5
59866	1785692369-KTP1	311	2	30	22	7	0	0	6120	1
59867	1785692369-KTP1	326	2	6	35	0	0	0	1333	5
59868	1785692369-KTP1	331	2	18	32	3	0	0	2799	3
59869	1785692369-KTP1	338	2	27	14	4	0	0	3520	8
59870	1785692369-KTP1	345	2	11	36	2	0	0	1957	3
59871	1785692369-KTP1	348	2	30	21	7	0	0	5474	5
59875	1785692369-KTP1	289	0	70	41	8	1	0	12088	18
59876	1785692369-KTP1	300	0	44	39	10	2	0	7173	7
59877	1785692369-KTP1	304	0	83	37	12	0	0	14038	17
59878	1785692369-KTP1	306	0	42	65	6	2	0	6410	7
59879	1785692369-KTP1	308	0	39	57	2	0	0	6023	3
59880	1785692369-KTP1	310	0	61	31	4	0	0	9544	8
59881	1785692369-KTP1	311	0	48	48	9	0	0	9630	3
59882	1785692369-KTP1	326	0	25	62	4	0	0	4168	13
59883	1785692369-KTP1	331	0	42	66	5	1	0	6848	4
59884	1785692369-KTP1	338	0	43	33	13	0	0	6018	12
59885	1785692369-KTP1	345	0	24	63	5	0	0	4037	5
59886	1785692369-KTP1	348	0	60	39	9	0	0	10414	9
59890	1785692609-KTP2	288	1	35	34	5	0	0	5699	6
59891	1785692609-KTP2	290	1	24	27	3	2	0	4742	2
59892	1785692609-KTP2	292	1	37	34	9	2	0	5795	8
59893	1785692609-KTP2	294	1	10	24	0	1	0	1613	9
59894	1785692609-KTP2	295	1	15	27	4	0	0	2250	6
59895	1785692609-KTP2	296	1	18	28	2	1	0	3283	3
59896	1785692609-KTP2	299	1	24	18	3	0	0	3916	6
59897	1785692609-KTP2	301	1	31	29	0	0	0	4718	4
59898	1785692609-KTP2	302	1	33	24	4	1	0	5561	4
59899	1785692609-KTP2	309	1	27	32	3	2	0	4907	5
59900	1785692609-KTP2	334	1	27	22	5	1	0	4626	8
59901	1785692609-KTP2	351	1	35	17	7	1	0	5667	5
59905	1785692609-KTP2	288	2	37	29	10	0	0	5582	10
59906	1785692609-KTP2	290	2	36	21	2	0	0	5603	7
59907	1785692609-KTP2	292	2	30	35	6	2	0	4917	5
59908	1785692609-KTP2	294	2	16	25	1	0	0	2466	1
59909	1785692609-KTP2	295	2	28	28	4	0	0	4904	11
59910	1785692609-KTP2	296	2	28	22	5	0	0	5118	4
59911	1785692609-KTP2	299	2	24	23	2	0	0	3579	4
59912	1785692609-KTP2	301	2	28	29	4	0	0	4622	5
59913	1785692609-KTP2	302	2	25	30	4	0	0	4414	6
59914	1785692609-KTP2	309	2	21	27	2	0	0	3031	7
59915	1785692609-KTP2	334	2	23	20	0	1	0	3683	6
59916	1785692609-KTP2	351	2	15	22	3	1	0	3686	3
59920	1785692609-KTP2	288	0	72	63	15	0	0	11281	16
59921	1785692609-KTP2	290	0	60	48	5	2	0	10345	9
59922	1785692609-KTP2	292	0	67	69	15	4	0	10712	13
59923	1785692609-KTP2	294	0	26	49	1	1	0	4079	10
59924	1785692609-KTP2	295	0	43	55	8	0	0	7154	17
59925	1785692609-KTP2	296	0	46	50	7	1	0	8401	7
59926	1785692609-KTP2	299	0	48	41	5	0	0	7495	10
59927	1785692609-KTP2	301	0	59	58	4	0	0	9340	9
59928	1785692609-KTP2	302	0	58	54	8	1	0	9975	10
59929	1785692609-KTP2	309	0	48	59	5	2	0	7938	12
59930	1785692609-KTP2	334	0	50	42	5	2	0	8309	14
59931	1785692609-KTP2	351	0	50	39	10	2	0	9353	8
59935	1785693039-KTP4	312	1	22	30	2	0	0	3490	3
59936	1785693039-KTP4	315	1	40	22	8	0	0	7672	5
59937	1785693039-KTP4	316	1	27	23	2	0	0	3802	8
59938	1785693039-KTP4	318	1	15	17	4	0	0	2923	2
59939	1785693039-KTP4	319	1	16	25	3	0	0	3131	12
59940	1785693039-KTP4	321	1	29	28	1	0	0	4267	6
59941	1785693039-KTP4	322	1	28	26	2	1	0	5399	12
59942	1785693039-KTP4	324	1	28	26	5	0	0	5299	4
59943	1785693039-KTP4	325	1	22	30	2	0	0	3328	5
59944	1785693039-KTP4	336	1	24	18	6	0	0	3297	5
59945	1785693039-KTP4	341	1	23	25	1	1	0	3241	5
59946	1785693039-KTP4	343	1	18	22	2	0	0	2537	5
59950	1785693039-KTP4	312	2	19	24	1	0	0	3133	2
59951	1785693039-KTP4	315	2	36	26	2	0	0	5758	5
59952	1785693039-KTP4	316	2	31	22	2	0	0	4310	5
59953	1785693039-KTP4	318	2	26	26	3	0	0	3216	2
59954	1785693039-KTP4	319	2	20	23	0	1	0	3218	11
59955	1785693039-KTP4	321	2	16	23	5	0	0	3349	5
59956	1785693039-KTP4	322	2	26	24	1	0	0	3581	7
59957	1785693039-KTP4	324	2	25	20	1	0	0	4021	2
59958	1785693039-KTP4	325	2	18	26	1	0	0	3191	2
59959	1785693039-KTP4	336	2	22	18	4	0	0	3471	3
59960	1785693039-KTP4	341	2	20	26	2	0	0	2697	4
59961	1785693039-KTP4	343	2	21	22	6	0	0	3445	4
59965	1785693039-KTP4	312	0	41	54	3	0	0	6623	5
59966	1785693039-KTP4	315	0	76	48	10	0	0	13430	10
59967	1785693039-KTP4	316	0	58	45	4	0	0	8112	13
59968	1785693039-KTP4	318	0	41	43	7	0	0	6139	4
59969	1785693039-KTP4	319	0	36	48	3	1	0	6349	23
59970	1785693039-KTP4	321	0	45	51	6	0	0	7616	11
59971	1785693039-KTP4	322	0	54	50	3	1	0	8980	19
59972	1785693039-KTP4	324	0	53	46	6	0	0	9320	6
59973	1785693039-KTP4	325	0	40	56	3	0	0	6519	7
59974	1785693039-KTP4	336	0	46	36	10	0	0	6768	8
59975	1785693039-KTP4	341	0	43	51	3	1	0	5938	9
59976	1785693039-KTP4	343	0	39	44	8	0	0	5982	9
59980	1785697175-KTP5	292	1	42	28	6	0	0	5911	5
59981	1785697175-KTP5	293	1	28	20	3	0	0	4245	5
59982	1785697175-KTP5	294	1	17	33	2	2	0	3680	4
59983	1785697175-KTP5	295	1	23	31	5	0	0	3411	5
59984	1785697175-KTP5	305	1	38	30	8	0	0	6122	7
59985	1785697175-KTP5	317	1	25	26	6	1	0	4373	7
59986	1785697175-KTP5	330	1	22	25	8	0	0	4121	4
59987	1785697175-KTP5	332	1	28	31	3	0	0	4914	2
59988	1785697175-KTP5	342	1	0	0	0	0	0	0	0
59989	1785697175-KTP5	346	1	26	30	3	0	0	3559	2
59990	1785697175-KTP5	350	1	41	21	2	0	0	5770	2
59991	1785697175-KTP5	351	1	27	20	1	1	0	4788	4
59992	1785697175-KTP5	352	1	17	39	1	0	0	2988	0
59995	1785697175-KTP5	292	2	27	25	3	0	0	4675	5
59996	1785697175-KTP5	293	2	27	11	4	1	0	5597	6
59997	1785697175-KTP5	294	2	14	30	0	1	0	2485	12
59998	1785697175-KTP5	295	2	32	26	5	2	0	5769	2
59999	1785697175-KTP5	305	2	23	27	4	0	0	3541	1
60000	1785697175-KTP5	317	2	21	27	0	1	0	3943	1
60001	1785697175-KTP5	330	2	24	20	7	0	0	3661	5
60002	1785697175-KTP5	332	2	24	29	3	0	0	4586	12
60003	1785697175-KTP5	342	2	27	28	5	0	0	5319	14
60004	1785697175-KTP5	346	2	31	20	1	0	0	4589	8
60005	1785697175-KTP5	350	2	22	27	4	1	0	4399	0
60006	1785697175-KTP5	351	2	0	0	0	0	0	0	0
60007	1785697175-KTP5	352	2	27	29	4	1	0	5397	12
60010	1785697175-KTP5	292	0	69	53	9	0	0	10586	10
60011	1785697175-KTP5	293	0	55	31	7	1	0	9842	11
60012	1785697175-KTP5	294	0	31	63	2	3	0	6165	16
60013	1785697175-KTP5	295	0	55	57	10	2	0	9180	7
60014	1785697175-KTP5	305	0	61	57	12	0	0	9663	8
60015	1785697175-KTP5	317	0	46	53	6	2	0	8316	8
60016	1785697175-KTP5	330	0	46	45	15	0	0	7782	9
60017	1785697175-KTP5	332	0	52	60	6	0	0	9500	14
60018	1785697175-KTP5	342	0	27	28	5	0	0	5319	14
60019	1785697175-KTP5	346	0	57	50	4	0	0	8148	10
60020	1785697175-KTP5	350	0	63	48	6	1	0	10169	2
60021	1785697175-KTP5	351	0	27	20	1	1	0	4788	4
60022	1785697175-KTP5	352	0	44	68	5	1	0	8385	12
60025	1785697932-KTP2	298	1	18	25	4	1	0	3096	1
60026	1785697932-KTP2	315	1	33	21	2	0	0	5190	8
60027	1785697932-KTP2	316	1	29	15	3	0	0	4816	2
60028	1785697932-KTP2	319	1	13	23	1	1	0	2405	3
60029	1785697932-KTP2	321	1	30	19	3	1	0	5462	3
60030	1785697932-KTP2	328	1	17	23	0	0	0	2246	2
60031	1785697932-KTP2	333	1	18	16	5	0	0	3567	1
60032	1785697932-KTP2	335	1	20	28	0	1	0	2785	4
60033	1785697932-KTP2	336	1	20	20	9	0	0	2955	1
60034	1785697932-KTP2	337	1	18	27	2	1	0	3342	2
60035	1785697932-KTP2	343	1	19	14	5	0	0	2484	2
60036	1785697932-KTP2	347	1	21	25	3	2	0	4077	0
60040	1785697932-KTP2	298	2	10	17	2	0	0	0	2
60041	1785697932-KTP2	315	2	13	16	4	0	0	0	2
60042	1785697932-KTP2	316	2	11	12	2	0	0	0	2
60043	1785697932-KTP2	319	2	8	17	0	2	0	0	3
60044	1785697932-KTP2	321	2	4	15	0	1	0	0	3
60045	1785697932-KTP2	328	2	13	12	0	0	0	0	5
60046	1785697932-KTP2	333	2	13	12	6	0	0	0	2
60047	1785697932-KTP2	335	2	12	11	3	0	0	0	6
60048	1785697932-KTP2	336	2	20	13	6	0	0	0	8
60049	1785697932-KTP2	337	2	14	9	4	0	0	0	6
60050	1785697932-KTP2	343	2	14	9	2	0	0	0	1
60051	1785697932-KTP2	347	2	20	9	3	0	0	0	5
60055	1785697932-KTP2	298	0	28	42	6	1	0	3096	3
60056	1785697932-KTP2	315	0	46	37	6	0	0	5190	10
60057	1785697932-KTP2	316	0	40	27	5	0	0	4816	4
60058	1785697932-KTP2	319	0	21	40	1	3	0	2405	6
60059	1785697932-KTP2	321	0	34	34	3	2	0	5462	6
60060	1785697932-KTP2	328	0	30	35	0	0	0	2246	7
60061	1785697932-KTP2	333	0	31	28	11	0	0	3567	3
60062	1785697932-KTP2	335	0	32	39	3	1	0	2785	10
60063	1785697932-KTP2	336	0	40	33	15	0	0	2955	9
60064	1785697932-KTP2	337	0	32	36	6	1	0	3342	8
60065	1785697932-KTP2	343	0	33	23	7	0	0	2484	3
60066	1785697932-KTP2	347	0	41	34	6	2	0	4077	5
60070	1785699260-KTP4	291	1	17	15	3	1	0	3941	2
60071	1785699260-KTP4	312	1	16	17	3	0	0	3360	2
60072	1785699260-KTP4	313	1	7	11	0	1	0	1609	3
60073	1785699260-KTP4	314	1	9	14	2	0	0	3101	4
60074	1785699260-KTP4	318	1	14	17	2	0	0	2567	3
60075	1785699260-KTP4	320	1	20	10	1	0	0	3961	3
60076	1785699260-KTP4	322	1	9	25	2	1	0	3186	7
60077	1785699260-KTP4	323	1	25	14	4	0	0	4739	4
60078	1785699260-KTP4	324	1	16	17	4	0	0	3681	3
60079	1785699260-KTP4	325	1	10	10	3	1	0	2984	3
60080	1785699260-KTP4	327	1	20	11	5	0	0	5384	5
60081	1785699260-KTP4	341	1	10	12	2	1	0	2443	5
60085	1785699260-KTP4	291	2	24	14	5	0	0	3357	4
60086	1785699260-KTP4	312	2	16	25	0	0	0	2300	1
60087	1785699260-KTP4	313	2	29	21	2	0	0	4280	4
60088	1785699260-KTP4	314	2	17	19	3	0	0	2984	3
60089	1785699260-KTP4	318	2	18	23	3	1	0	2891	1
60090	1785699260-KTP4	320	2	24	16	4	0	0	4268	2
60091	1785699260-KTP4	322	2	17	22	1	0	0	2892	3
60092	1785699260-KTP4	323	2	26	23	1	0	0	3764	4
60093	1785699260-KTP4	324	2	26	27	4	0	0	4370	6
60094	1785699260-KTP4	325	2	25	26	2	0	0	3900	2
60095	1785699260-KTP4	327	2	26	25	8	0	0	3430	5
60096	1785699260-KTP4	341	2	16	23	1	0	0	2554	3
60100	1785699260-KTP4	291	0	41	29	8	1	0	7298	6
60101	1785699260-KTP4	312	0	32	42	3	0	0	5660	3
60102	1785699260-KTP4	313	0	36	32	2	1	0	5889	7
60103	1785699260-KTP4	314	0	26	33	5	0	0	6085	7
60104	1785699260-KTP4	318	0	32	40	5	1	0	5458	4
60105	1785699260-KTP4	320	0	44	26	5	0	0	8229	5
60106	1785699260-KTP4	322	0	26	47	3	1	0	6078	10
60107	1785699260-KTP4	323	0	51	37	5	0	0	8503	8
60108	1785699260-KTP4	324	0	42	44	8	0	0	8051	9
60109	1785699260-KTP4	325	0	35	36	5	1	0	6884	5
60110	1785699260-KTP4	327	0	46	36	13	0	0	8814	10
60111	1785699260-KTP4	341	0	26	35	3	1	0	4997	8
60115	1785699518-KTP1	288	1	20	27	2	1	0	3414	7
60116	1785699518-KTP1	289	1	18	20	5	0	0	5013	6
60117	1785699518-KTP1	290	1	21	15	0	0	0	3626	9
60118	1785699518-KTP1	296	1	18	21	2	0	0	3655	8
60119	1785699518-KTP1	299	1	10	16	0	0	0	1997	10
60120	1785699518-KTP1	300	1	15	18	0	0	0	3276	9
60121	1785699518-KTP1	304	1	27	23	1	0	0	5980	8
60122	1785699518-KTP1	309	1	24	24	1	0	0	3659	7
60123	1785699518-KTP1	310	1	13	7	2	0	0	2758	14
60124	1785699518-KTP1	334	1	10	12	3	0	0	2069	9
60125	1785699518-KTP1	338	1	25	13	4	1	0	5051	19
60126	1785699518-KTP1	348	1	17	22	5	0	0	4615	11
60130	1785699518-KTP1	288	2	23	30	3	0	0	3318	6
60131	1785699518-KTP1	289	2	33	18	5	2	0	5460	5
60132	1785699518-KTP1	290	2	25	24	0	2	0	3728	0
60133	1785699518-KTP1	296	2	23	31	3	0	0	3659	1
60134	1785699518-KTP1	299	2	18	19	4	0	0	2951	10
60135	1785699518-KTP1	300	2	27	24	5	2	0	4211	6
60136	1785699518-KTP1	304	2	30	23	4	1	0	4773	5
60137	1785699518-KTP1	309	2	19	31	3	0	0	3194	0
60138	1785699518-KTP1	310	2	22	15	5	0	0	3555	10
60139	1785699518-KTP1	334	2	13	20	0	1	0	2782	10
60140	1785699518-KTP1	338	2	25	20	6	1	0	3867	3
60141	1785699518-KTP1	348	2	18	21	1	1	0	3318	6
60145	1785699518-KTP1	288	0	43	57	5	1	0	6732	13
60146	1785699518-KTP1	289	0	51	38	10	2	0	10473	11
60147	1785699518-KTP1	290	0	46	39	0	2	0	7354	9
60148	1785699518-KTP1	296	0	41	52	5	0	0	7314	9
60149	1785699518-KTP1	299	0	28	35	4	0	0	4948	20
60150	1785699518-KTP1	300	0	42	42	5	2	0	7487	15
60151	1785699518-KTP1	304	0	57	46	5	1	0	10753	13
60152	1785699518-KTP1	309	0	43	55	4	0	0	6853	7
60153	1785699518-KTP1	310	0	35	22	7	0	0	6313	24
60154	1785699518-KTP1	334	0	23	32	3	1	0	4851	19
60155	1785699518-KTP1	338	0	50	33	10	2	0	8918	22
60156	1785699518-KTP1	348	0	35	43	6	1	0	7933	17
60160	1785700578-KTP3	292	1	41	23	10	1	0	5604	13
60161	1785700578-KTP3	293	1	28	18	3	0	0	4599	13
60162	1785700578-KTP3	295	1	24	22	2	1	0	3679	14
60163	1785700578-KTP3	301	1	41	25	1	1	0	6735	11
60164	1785700578-KTP3	302	1	17	15	0	0	0	2408	12
60165	1785700578-KTP3	306	1	24	28	2	1	0	3431	10
60166	1785700578-KTP3	308	1	15	33	2	0	0	2246	17
60167	1785700578-KTP3	311	1	25	26	1	0	0	3776	3
60168	1785700578-KTP3	326	1	19	32	3	0	0	2617	14
60169	1785700578-KTP3	331	1	19	38	2	1	0	3456	3
60170	1785700578-KTP3	345	1	22	29	1	1	0	3154	6
60171	1785700578-KTP3	351	1	35	21	5	1	0	6653	18
60175	1785700578-KTP3	292	2	38	23	5	1	0	5469	8
60176	1785700578-KTP3	293	2	34	24	3	0	0	5432	15
60177	1785700578-KTP3	295	2	34	25	5	2	0	5152	10
60178	1785700578-KTP3	301	2	43	26	4	0	0	7195	10
60179	1785700578-KTP3	302	2	33	20	2	0	0	5104	10
60180	1785700578-KTP3	306	2	19	39	3	0	0	3079	4
60181	1785700578-KTP3	308	2	22	32	0	0	0	3262	12
60182	1785700578-KTP3	311	2	29	35	1	1	0	4800	5
60183	1785700578-KTP3	326	2	24	39	7	0	0	3800	12
60184	1785700578-KTP3	331	2	24	35	5	0	0	4169	6
60185	1785700578-KTP3	345	2	23	35	4	2	0	3592	2
60186	1785700578-KTP3	351	2	33	23	3	1	0	5380	12
60190	1785700578-KTP3	292	0	79	46	15	2	0	11073	21
60191	1785700578-KTP3	293	0	62	42	6	0	0	10031	28
60192	1785700578-KTP3	295	0	58	47	7	3	0	8831	24
60193	1785700578-KTP3	301	0	84	51	5	1	0	13930	21
60194	1785700578-KTP3	302	0	50	35	2	0	0	7512	22
60195	1785700578-KTP3	306	0	43	67	5	1	0	6510	14
60196	1785700578-KTP3	308	0	37	65	2	0	0	5508	29
60197	1785700578-KTP3	311	0	54	61	2	1	0	8576	8
60198	1785700578-KTP3	326	0	43	71	10	0	0	6417	26
60199	1785700578-KTP3	331	0	43	73	7	1	0	7625	9
60200	1785700578-KTP3	345	0	45	64	5	3	0	6746	8
60201	1785700578-KTP3	351	0	68	44	8	2	0	12033	30
60205	1785701593-KTP2	298	1	23	26	1	0	0	3710	4
60206	1785701593-KTP2	315	1	33	23	3	1	0	4885	11
60207	1785701593-KTP2	316	1	28	19	3	0	0	4281	5
60208	1785701593-KTP2	319	1	17	22	4	1	0	3336	10
60209	1785701593-KTP2	321	1	19	25	0	0	0	2803	9
60210	1785701593-KTP2	328	1	24	24	3	1	0	4086	4
60211	1785701593-KTP2	333	1	23	19	4	0	0	3619	10
60212	1785701593-KTP2	335	1	14	26	2	1	0	2112	10
60213	1785701593-KTP2	336	1	23	24	5	1	0	3183	5
60214	1785701593-KTP2	337	1	28	23	2	0	0	4921	7
60215	1785701593-KTP2	343	1	21	23	5	2	0	3453	6
60216	1785701593-KTP2	347	1	24	23	3	0	0	4888	6
60220	1785701593-KTP2	298	2	29	32	10	1	0	4567	1
60221	1785701593-KTP2	315	2	37	21	3	0	0	5927	4
60222	1785701593-KTP2	316	2	26	18	1	0	0	3619	5
60223	1785701593-KTP2	319	2	18	27	3	0	0	3808	4
60224	1785701593-KTP2	321	2	34	24	1	0	0	5257	4
60225	1785701593-KTP2	328	2	22	24	2	0	0	3530	4
60226	1785701593-KTP2	333	2	18	27	4	2	0	2480	5
60227	1785701593-KTP2	335	2	8	30	3	1	0	1306	2
60228	1785701593-KTP2	336	2	26	23	7	1	0	4299	6
60229	1785701593-KTP2	337	2	32	25	9	0	0	6295	5
60230	1785701593-KTP2	343	2	22	19	3	1	0	3654	2
60231	1785701593-KTP2	347	2	23	25	1	0	0	3794	3
60235	1785701593-KTP2	298	0	52	58	11	1	0	8277	5
60236	1785701593-KTP2	315	0	70	44	6	1	0	10812	15
60237	1785701593-KTP2	316	0	54	37	4	0	0	7900	10
60238	1785701593-KTP2	319	0	35	49	7	1	0	7144	14
60239	1785701593-KTP2	321	0	53	49	1	0	0	8060	13
60240	1785701593-KTP2	328	0	46	48	5	1	0	7616	8
60241	1785701593-KTP2	333	0	41	46	8	2	0	6099	15
60242	1785701593-KTP2	335	0	22	56	5	2	0	3418	12
60243	1785701593-KTP2	336	0	49	47	12	2	0	7482	11
60244	1785701593-KTP2	337	0	60	48	11	0	0	11216	12
60245	1785701593-KTP2	343	0	43	42	8	3	0	7107	8
60246	1785701593-KTP2	347	0	47	48	4	0	0	8682	9
60250	1785703180-KTP4	291	1	18	18	5	1	0	2850	3
60251	1785703180-KTP4	312	1	18	23	3	0	0	3022	3
60252	1785703180-KTP4	313	1	40	16	3	1	0	6118	5
60253	1785703180-KTP4	314	1	15	23	3	0	0	2604	2
60254	1785703180-KTP4	318	1	25	25	2	0	0	3554	5
60255	1785703180-KTP4	320	1	20	19	0	0	0	2843	3
60256	1785703180-KTP4	322	1	19	27	1	1	0	3645	2
60257	1785703180-KTP4	323	1	26	25	2	0	0	4657	3
60258	1785703180-KTP4	324	1	19	23	0	0	0	3162	3
60259	1785703180-KTP4	325	1	25	22	4	1	0	4518	2
60260	1785703180-KTP4	327	1	26	23	5	0	0	3629	5
60261	1785703180-KTP4	341	1	18	25	3	0	0	3021	2
60265	1785703180-KTP4	291	2	24	20	3	2	0	3415	1
60266	1785703180-KTP4	312	2	25	21	5	1	0	4509	0
60267	1785703180-KTP4	313	2	26	19	0	1	0	4374	2
60268	1785703180-KTP4	314	2	25	17	3	2	0	4797	4
60269	1785703180-KTP4	318	2	23	29	3	0	0	2919	2
60270	1785703180-KTP4	320	2	25	14	1	0	0	3777	3
60271	1785703180-KTP4	322	2	15	30	2	0	0	2765	4
60272	1785703180-KTP4	323	2	21	23	2	0	0	3609	3
60273	1785703180-KTP4	324	2	24	22	0	1	0	3298	3
60274	1785703180-KTP4	325	2	14	23	1	1	0	2670	0
60275	1785703180-KTP4	327	2	31	25	4	0	0	4928	2
60276	1785703180-KTP4	341	2	17	27	2	0	0	2911	1
60280	1785703180-KTP4	291	0	42	38	8	3	0	6265	4
60281	1785703180-KTP4	312	0	43	44	8	1	0	7531	3
60282	1785703180-KTP4	313	0	66	35	3	2	0	10492	7
60283	1785703180-KTP4	314	0	40	40	6	2	0	7401	6
60284	1785703180-KTP4	318	0	48	54	5	0	0	6473	7
60285	1785703180-KTP4	320	0	45	33	1	0	0	6620	6
60286	1785703180-KTP4	322	0	34	57	3	1	0	6410	6
60287	1785703180-KTP4	323	0	47	48	4	0	0	8266	6
60288	1785703180-KTP4	324	0	43	45	0	1	0	6460	6
60289	1785703180-KTP4	325	0	39	45	5	2	0	7188	2
60290	1785703180-KTP4	327	0	57	48	9	0	0	8557	7
60291	1785703180-KTP4	341	0	35	52	5	0	0	5932	3
60295	1785703653-KTP1	288	1	27	27	3	0	0	3726	4
60296	1785703653-KTP1	289	1	27	21	3	1	0	4864	7
60297	1785703653-KTP1	290	1	28	24	1	0	0	3711	4
60298	1785703653-KTP1	296	1	15	24	4	0	0	3438	6
60299	1785703653-KTP1	299	1	17	18	2	0	0	2848	2
60300	1785703653-KTP1	300	1	24	20	3	1	0	4327	6
60301	1785703653-KTP1	304	1	25	22	1	0	0	3534	6
60302	1785703653-KTP1	309	1	18	29	2	0	0	2576	0
60303	1785703653-KTP1	310	1	18	19	7	0	0	4092	3
60304	1785703653-KTP1	334	1	21	19	2	1	0	3340	8
60305	1785703653-KTP1	338	1	25	22	1	0	0	3433	0
60306	1785703653-KTP1	348	1	22	22	1	0	0	3963	1
60310	1785703653-KTP1	288	2	24	33	2	1	0	3656	5
60311	1785703653-KTP1	289	2	21	18	1	0	0	3181	6
60312	1785703653-KTP1	290	2	23	25	1	0	0	4304	0
60313	1785703653-KTP1	296	2	7	32	0	0	0	1645	2
60314	1785703653-KTP1	299	2	27	25	6	0	0	4735	3
60315	1785703653-KTP1	300	2	28	16	3	0	0	3994	1
60316	1785703653-KTP1	304	2	51	20	2	0	0	7774	6
60317	1785703653-KTP1	309	2	14	32	0	1	0	2596	3
60318	1785703653-KTP1	310	2	18	15	6	0	0	4331	6
60319	1785703653-KTP1	334	2	12	24	1	2	0	2486	1
60320	1785703653-KTP1	338	2	26	20	2	0	0	3306	5
60321	1785703653-KTP1	348	2	27	18	2	0	0	4078	6
60325	1785703653-KTP1	288	0	51	60	5	1	0	7382	9
60326	1785703653-KTP1	289	0	48	39	4	1	0	8045	13
60327	1785703653-KTP1	290	0	51	49	2	0	0	8015	4
60328	1785703653-KTP1	296	0	22	56	4	0	0	5083	8
60329	1785703653-KTP1	299	0	44	43	8	0	0	7583	5
60330	1785703653-KTP1	300	0	52	36	6	1	0	8321	7
60331	1785703653-KTP1	304	0	76	42	3	0	0	11308	12
60332	1785703653-KTP1	309	0	32	61	2	1	0	5172	3
60333	1785703653-KTP1	310	0	36	34	13	0	0	8423	9
60334	1785703653-KTP1	334	0	33	43	3	3	0	5826	9
60335	1785703653-KTP1	338	0	51	42	3	0	0	6739	5
60336	1785703653-KTP1	348	0	49	40	3	0	0	8041	7
60340	1785704078-KTP3	292	1	35	28	7	0	0	4538	10
60341	1785704078-KTP3	293	1	24	24	2	3	0	4043	4
60342	1785704078-KTP3	294	1	22	26	1	0	0	2969	5
60343	1785704078-KTP3	301	1	48	28	2	0	0	6778	6
60344	1785704078-KTP3	302	1	28	32	10	0	0	4171	10
60345	1785704078-KTP3	306	1	26	26	6	1	0	4304	13
60346	1785704078-KTP3	308	1	17	35	1	1	0	2851	2
60347	1785704078-KTP3	311	1	29	26	1	0	0	4400	12
60348	1785704078-KTP3	326	1	21	30	3	0	0	3988	10
60349	1785704078-KTP3	331	1	39	31	9	1	0	7492	6
60350	1785704078-KTP3	345	1	35	33	7	0	0	5822	4
60351	1785704078-KTP3	351	1	24	29	2	1	0	4460	14
60355	1785704078-KTP3	292	2	38	30	2	1	0	5656	13
60356	1785704078-KTP3	293	2	37	16	6	0	0	6559	13
60357	1785704078-KTP3	294	2	28	24	4	0	0	4513	8
60358	1785704078-KTP3	301	2	36	25	0	0	0	5195	11
60359	1785704078-KTP3	302	2	35	29	6	0	0	5480	7
60360	1785704078-KTP3	306	2	27	31	8	0	0	4253	11
60361	1785704078-KTP3	308	2	24	41	2	0	0	3468	1
60362	1785704078-KTP3	311	2	21	36	0	0	0	3318	6
60363	1785704078-KTP3	326	2	32	37	7	0	0	4383	4
60364	1785704078-KTP3	331	2	25	35	2	3	0	4096	5
60365	1785704078-KTP3	345	2	22	32	9	2	0	3390	10
60366	1785704078-KTP3	351	2	38	27	6	0	0	6905	11
60370	1785704078-KTP3	292	0	73	58	9	1	0	10194	23
60371	1785704078-KTP3	293	0	61	40	8	3	0	10602	17
60372	1785704078-KTP3	294	0	50	50	5	0	0	7482	13
60373	1785704078-KTP3	301	0	84	53	2	0	0	11973	17
60374	1785704078-KTP3	302	0	63	61	16	0	0	9651	17
60375	1785704078-KTP3	306	0	53	57	14	1	0	8557	24
60376	1785704078-KTP3	308	0	41	76	3	1	0	6319	3
60377	1785704078-KTP3	311	0	50	62	1	0	0	7718	18
60378	1785704078-KTP3	326	0	53	67	10	0	0	8371	14
60379	1785704078-KTP3	331	0	64	66	11	4	0	11588	11
60380	1785704078-KTP3	345	0	57	65	16	2	0	9212	14
60381	1785704078-KTP3	351	0	62	56	8	1	0	11365	25
60385	1785706455-KTP2	298	1	26	29	3	0	0	4581	2
60386	1785706455-KTP2	315	1	22	30	2	1	0	4125	5
60387	1785706455-KTP2	316	1	23	26	4	1	0	4022	4
60388	1785706455-KTP2	319	1	18	28	2	2	0	3713	3
60389	1785706455-KTP2	321	1	26	25	0	0	0	3629	3
60390	1785706455-KTP2	328	1	19	24	1	1	0	3249	1
60391	1785706455-KTP2	333	1	33	22	7	1	0	5921	2
60392	1785706455-KTP2	335	1	20	22	3	0	0	3299	2
60393	1785706455-KTP2	336	1	34	28	11	1	0	5257	5
60394	1785706455-KTP2	337	1	29	21	3	0	0	4500	8
60395	1785706455-KTP2	343	1	13	22	3	0	0	1887	0
60396	1785706455-KTP2	347	1	32	18	9	0	0	6721	4
60400	1785706455-KTP2	298	2	39	23	5	1	0	5376	5
60401	1785706455-KTP2	315	2	20	25	3	1	0	3816	0
60402	1785706455-KTP2	316	2	22	25	0	0	0	2799	4
60403	1785706455-KTP2	319	2	10	29	1	1	0	1818	6
60404	1785706455-KTP2	321	2	15	27	1	1	0	2925	5
60405	1785706455-KTP2	328	2	29	18	1	2	0	4745	4
60406	1785706455-KTP2	333	2	16	26	2	2	0	2695	1
60407	1785706455-KTP2	335	2	24	18	5	0	0	4379	6
60408	1785706455-KTP2	336	2	33	32	5	0	0	5012	5
60409	1785706455-KTP2	337	2	19	19	5	1	0	3702	9
60410	1785706455-KTP2	343	2	19	32	2	2	0	3362	0
60411	1785706455-KTP2	347	2	43	15	5	0	0	7095	10
60415	1785706455-KTP2	298	0	65	52	8	1	0	9957	7
60416	1785706455-KTP2	315	0	42	55	5	2	0	7941	5
60417	1785706455-KTP2	316	0	45	51	4	1	0	6821	8
60418	1785706455-KTP2	319	0	28	57	3	3	0	5531	9
60419	1785706455-KTP2	321	0	41	52	1	1	0	6554	8
60420	1785706455-KTP2	328	0	48	42	2	3	0	7994	5
60421	1785706455-KTP2	333	0	49	48	9	3	0	8616	3
60422	1785706455-KTP2	335	0	44	40	8	0	0	7678	8
60423	1785706455-KTP2	336	0	67	60	16	1	0	10269	10
60424	1785706455-KTP2	337	0	48	40	8	1	0	8202	17
60425	1785706455-KTP2	343	0	32	54	5	2	0	5249	0
60426	1785706455-KTP2	347	0	75	33	14	0	0	13816	14
60430	1785710044-KTP3	291	1	34	17	4	0	0	4996	5
60431	1785710044-KTP3	292	1	12	31	2	1	0	2088	1
60432	1785710044-KTP3	293	1	15	30	2	2	0	2318	2
60433	1785710044-KTP3	294	1	20	29	0	0	0	2586	3
60434	1785710044-KTP3	295	1	13	26	1	0	0	1842	5
60435	1785710044-KTP3	301	1	21	28	2	0	0	2858	1
60436	1785710044-KTP3	302	1	18	31	4	1	0	2797	1
60437	1785710044-KTP3	313	1	25	17	5	0	0	3881	5
60438	1785710044-KTP3	314	1	25	16	3	0	0	4430	6
60439	1785710044-KTP3	320	1	16	13	0	0	0	2210	2
60440	1785710044-KTP3	323	1	37	22	8	0	0	6952	3
60441	1785710044-KTP3	327	1	38	14	6	0	0	5851	6
60445	1785710044-KTP3	291	2	23	17	7	1	0	3835	4
60446	1785710044-KTP3	292	2	28	25	8	1	0	4776	5
60447	1785710044-KTP3	293	2	13	30	2	0	0	2533	7
60448	1785710044-KTP3	294	2	24	19	2	0	0	3678	3
60449	1785710044-KTP3	295	2	13	30	2	1	0	2401	3
60450	1785710044-KTP3	301	2	18	22	7	0	0	2643	1
60451	1785710044-KTP3	302	2	23	32	3	0	0	3882	3
60452	1785710044-KTP3	313	2	31	14	3	0	0	4411	2
60453	1785710044-KTP3	314	2	22	15	3	0	0	3320	6
60454	1785710044-KTP3	320	2	14	25	0	0	0	1948	4
60455	1785710044-KTP3	323	2	27	27	3	0	0	4293	4
60456	1785710044-KTP3	327	2	41	21	11	2	0	6969	7
60460	1785710044-KTP3	291	0	57	34	11	1	0	8831	9
60461	1785710044-KTP3	292	0	40	56	10	2	0	6864	6
60462	1785710044-KTP3	293	0	28	60	4	2	0	4851	9
60463	1785710044-KTP3	294	0	44	48	2	0	0	6264	6
60464	1785710044-KTP3	295	0	26	56	3	1	0	4243	8
60465	1785710044-KTP3	301	0	39	50	9	0	0	5501	2
60466	1785710044-KTP3	302	0	41	63	7	1	0	6679	4
60467	1785710044-KTP3	313	0	56	31	8	0	0	8292	7
60468	1785710044-KTP3	314	0	47	31	6	0	0	7750	12
60469	1785710044-KTP3	320	0	30	38	0	0	0	4158	6
60470	1785710044-KTP3	323	0	64	49	11	0	0	11245	7
60471	1785710044-KTP3	327	0	79	35	17	2	0	12820	13
60475	1785710340-KTP4	306	1	16	27	4	0	0	2318	2
60476	1785710340-KTP4	308	1	21	35	2	0	0	3190	6
60477	1785710340-KTP4	311	1	22	29	4	0	0	3922	10
60478	1785710340-KTP4	312	1	23	18	2	0	0	3816	4
60479	1785710340-KTP4	318	1	27	20	2	0	0	3625	5
60480	1785710340-KTP4	322	1	25	24	1	0	0	3578	8
60481	1785710340-KTP4	324	1	40	18	4	0	0	6605	7
60482	1785710340-KTP4	325	1	33	18	2	0	0	5335	6
60483	1785710340-KTP4	326	1	16	29	3	0	0	2752	3
60484	1785710340-KTP4	331	1	23	25	1	0	0	3576	4
60485	1785710340-KTP4	341	1	22	19	2	0	0	2893	1
60486	1785710340-KTP4	345	1	19	25	6	1	0	3330	3
60490	1785710340-KTP4	306	2	18	28	6	3	0	3628	1
60491	1785710340-KTP4	308	2	25	24	4	1	0	4113	4
60492	1785710340-KTP4	311	2	20	28	2	3	0	3862	4
60493	1785710340-KTP4	312	2	23	26	1	0	0	3404	0
60494	1785710340-KTP4	318	2	27	22	3	2	0	4570	2
60495	1785710340-KTP4	322	2	18	26	3	2	0	3430	4
60496	1785710340-KTP4	324	2	39	24	8	0	0	6975	6
60497	1785710340-KTP4	325	2	28	22	1	0	0	5183	6
60498	1785710340-KTP4	326	2	21	32	8	0	0	3520	4
60499	1785710340-KTP4	331	2	32	31	4	0	0	4556	3
60500	1785710340-KTP4	341	2	33	16	6	0	0	5319	2
60501	1785710340-KTP4	345	2	20	25	4	0	0	2763	2
60505	1785710340-KTP4	306	0	34	55	10	3	0	5946	3
60506	1785710340-KTP4	308	0	46	59	6	1	0	7303	10
60507	1785710340-KTP4	311	0	42	57	6	3	0	7784	14
60508	1785710340-KTP4	312	0	46	44	3	0	0	7220	4
60509	1785710340-KTP4	318	0	54	42	5	2	0	8195	7
60510	1785710340-KTP4	322	0	43	50	4	2	0	7008	12
60511	1785710340-KTP4	324	0	79	42	12	0	0	13580	13
60512	1785710340-KTP4	325	0	61	40	3	0	0	10518	12
60513	1785710340-KTP4	326	0	37	61	11	0	0	6272	7
60514	1785710340-KTP4	331	0	55	56	5	0	0	8132	7
60515	1785710340-KTP4	341	0	55	35	8	0	0	8212	3
60516	1785710340-KTP4	345	0	39	50	10	1	0	6093	5
60520	1785711668-KTP2	288	1	25	29	1	1	0	3605	5
60521	1785711668-KTP2	290	1	30	27	1	2	0	4693	0
60522	1785711668-KTP2	296	1	17	29	4	0	0	3399	3
60523	1785711668-KTP2	299	1	26	23	2	0	0	3821	4
60524	1785711668-KTP2	309	1	16	31	2	0	0	2988	3
60525	1785711668-KTP2	315	1	35	23	1	0	0	5936	2
60526	1785711668-KTP2	316	1	16	22	2	0	0	2753	4
60527	1785711668-KTP2	319	1	16	26	2	2	0	3702	4
60528	1785711668-KTP2	321	1	32	22	4	1	0	5737	3
60529	1785711668-KTP2	334	1	24	23	2	0	0	3907	4
60530	1785711668-KTP2	336	1	35	23	6	0	0	4451	3
60531	1785711668-KTP2	343	1	28	22	4	0	0	3801	4
60535	1785711668-KTP2	288	2	27	29	2	1	0	3494	5
60536	1785711668-KTP2	290	2	24	26	2	2	0	4331	4
60537	1785711668-KTP2	296	2	21	27	11	0	0	2964	6
60538	1785711668-KTP2	299	2	30	22	4	0	0	5019	2
60539	1785711668-KTP2	309	2	27	27	6	0	0	4166	6
60540	1785711668-KTP2	315	2	33	29	18	1	0	4269	7
60541	1785711668-KTP2	316	2	36	23	4	1	0	6535	2
60542	1785711668-KTP2	319	2	19	26	1	1	0	3103	8
60543	1785711668-KTP2	321	2	20	27	3	0	0	4025	4
60544	1785711668-KTP2	334	2	19	27	0	1	0	2748	4
60545	1785711668-KTP2	336	2	31	23	3	1	0	4906	5
60546	1785711668-KTP2	343	2	19	20	6	0	0	3293	1
60550	1785711668-KTP2	288	0	52	58	3	2	0	7099	10
60551	1785711668-KTP2	290	0	54	53	3	4	0	9024	4
60552	1785711668-KTP2	296	0	38	56	15	0	0	6363	9
60553	1785711668-KTP2	299	0	56	45	6	0	0	8840	6
60554	1785711668-KTP2	309	0	43	58	8	0	0	7154	9
60555	1785711668-KTP2	315	0	68	52	19	1	0	10205	9
60556	1785711668-KTP2	316	0	52	45	6	1	0	9288	6
60557	1785711668-KTP2	319	0	35	52	3	3	0	6805	12
60558	1785711668-KTP2	321	0	52	49	7	1	0	9762	7
60559	1785711668-KTP2	334	0	43	50	2	1	0	6655	8
60560	1785711668-KTP2	336	0	66	46	9	1	0	9357	8
60561	1785711668-KTP2	343	0	47	42	10	0	0	7094	5
60565	1785715156-KTP2	288	1	16	27	2	0	0	2444	7
60566	1785715156-KTP2	290	1	33	22	6	0	0	5978	11
60567	1785715156-KTP2	296	1	30	26	7	0	0	5214	7
60568	1785715156-KTP2	299	1	29	17	4	1	0	4590	2
60569	1785715156-KTP2	309	1	20	28	4	1	0	3932	4
60570	1785715156-KTP2	315	1	31	29	4	0	0	4843	7
60571	1785715156-KTP2	316	1	24	28	5	1	0	4110	2
60572	1785715156-KTP2	319	1	15	25	1	1	0	2594	8
60573	1785715156-KTP2	321	1	28	26	0	1	0	3684	2
60574	1785715156-KTP2	334	1	26	19	1	0	0	4289	4
60575	1785715156-KTP2	336	1	20	23	5	0	0	2971	9
60576	1785715156-KTP2	343	1	21	23	7	0	0	2636	6
60580	1785715156-KTP2	288	2	33	30	8	2	0	3730	1
60581	1785715156-KTP2	290	2	26	27	3	0	0	4357	4
60582	1785715156-KTP2	296	2	24	31	10	0	0	3284	7
60583	1785715156-KTP2	299	2	22	23	3	0	0	4086	1
60584	1785715156-KTP2	309	2	13	24	5	0	0	2809	5
60585	1785715156-KTP2	315	2	25	32	14	2	0	3667	5
60586	1785715156-KTP2	316	2	27	20	2	0	0	3973	4
60587	1785715156-KTP2	319	2	23	21	0	0	0	3973	5
60588	1785715156-KTP2	321	2	24	25	1	0	0	4108	5
60589	1785715156-KTP2	334	2	21	25	4	1	0	3951	4
60590	1785715156-KTP2	336	2	36	24	8	0	0	5812	5
60591	1785715156-KTP2	343	2	25	17	1	0	0	3711	7
60595	1785715156-KTP2	288	0	49	57	10	2	0	6174	8
60596	1785715156-KTP2	290	0	59	49	9	0	0	10335	15
60597	1785715156-KTP2	296	0	54	57	17	0	0	8498	14
60598	1785715156-KTP2	299	0	51	40	7	1	0	8676	3
60599	1785715156-KTP2	309	0	33	52	9	1	0	6741	9
60600	1785715156-KTP2	315	0	56	61	18	2	0	8510	12
60601	1785715156-KTP2	316	0	51	48	7	1	0	8083	6
60602	1785715156-KTP2	319	0	38	46	1	1	0	6567	13
60603	1785715156-KTP2	321	0	52	51	1	1	0	7792	7
60604	1785715156-KTP2	334	0	47	44	5	1	0	8240	8
60605	1785715156-KTP2	336	0	56	47	13	0	0	8783	14
60606	1785715156-KTP2	343	0	46	40	8	0	0	6347	13
60610	1785715972-KTP1	289	1	25	20	2	0	0	3412	12
60611	1785715972-KTP1	298	1	23	19	4	0	0	3767	1
60612	1785715972-KTP1	300	1	17	25	2	1	0	3063	5
60613	1785715972-KTP1	304	1	20	25	0	1	0	3246	1
60614	1785715972-KTP1	310	1	15	10	3	0	0	2760	1
60615	1785715972-KTP1	328	1	20	22	1	1	0	3417	2
60616	1785715972-KTP1	333	1	19	22	3	0	0	2736	3
60617	1785715972-KTP1	335	1	18	28	1	2	0	2627	2
60618	1785715972-KTP1	337	1	18	23	1	0	0	2975	7
60619	1785715972-KTP1	338	1	38	22	5	0	0	5710	3
60620	1785715972-KTP1	347	1	27	24	3	0	0	4868	1
60621	1785715972-KTP1	348	1	23	23	3	0	0	4324	1
60625	1785715972-KTP1	289	0	25	20	2	0	0	3412	12
60626	1785715972-KTP1	298	0	23	19	4	0	0	3767	1
60627	1785715972-KTP1	300	0	17	25	2	1	0	3063	5
60628	1785715972-KTP1	304	0	20	25	0	1	0	3246	1
60629	1785715972-KTP1	310	0	15	10	3	0	0	2760	1
60630	1785715972-KTP1	328	0	20	22	1	1	0	3417	2
60631	1785715972-KTP1	333	0	19	22	3	0	0	2736	3
60632	1785715972-KTP1	335	0	18	28	1	2	0	2627	2
60633	1785715972-KTP1	337	0	18	23	1	0	0	2975	7
60634	1785715972-KTP1	338	0	38	22	5	0	0	5710	3
60635	1785715972-KTP1	347	0	27	24	3	0	0	4868	1
60636	1785715972-KTP1	348	0	23	23	3	0	0	4324	1
60640	1785721189-KTP1	289	1	14	17	2	1	0	2491	9
60641	1785721189-KTP1	298	1	19	22	2	0	0	3062	7
60642	1785721189-KTP1	300	1	17	20	4	1	0	2821	8
60643	1785721189-KTP1	304	1	36	19	8	1	0	7877	3
60644	1785721189-KTP1	310	1	10	9	0	0	0	1364	6
60645	1785721189-KTP1	328	1	13	16	3	1	0	2777	6
60646	1785721189-KTP1	333	1	20	18	2	0	0	2869	4
60647	1785721189-KTP1	335	1	13	15	1	0	0	1921	9
60648	1785721189-KTP1	337	1	17	17	1	0	0	2871	8
60649	1785721189-KTP1	338	1	11	25	4	0	0	1461	5
60650	1785721189-KTP1	347	1	25	13	2	0	0	3606	8
60651	1785721189-KTP1	348	1	13	17	2	0	0	2464	0
60655	1785721189-KTP1	289	2	12	29	3	0	0	2438	5
60656	1785721189-KTP1	298	2	25	15	2	0	0	3867	4
60657	1785721189-KTP1	300	2	14	23	0	0	0	1820	4
60658	1785721189-KTP1	304	2	20	25	1	1	0	3256	7
60659	1785721189-KTP1	310	2	16	16	0	0	0	2469	0
60660	1785721189-KTP1	328	2	24	18	1	0	0	3515	6
60661	1785721189-KTP1	333	2	23	16	1	1	0	2783	1
60662	1785721189-KTP1	335	2	26	14	4	0	0	4165	4
60663	1785721189-KTP1	337	2	22	15	6	0	0	4204	3
60664	1785721189-KTP1	338	2	17	25	3	0	0	2575	6
60665	1785721189-KTP1	347	2	27	16	1	0	0	3841	6
60666	1785721189-KTP1	348	2	15	29	1	0	0	2630	6
60670	1785721189-KTP1	289	0	26	46	5	1	0	4929	14
60671	1785721189-KTP1	298	0	44	37	4	0	0	6929	11
60672	1785721189-KTP1	300	0	31	43	4	1	0	4641	12
60673	1785721189-KTP1	304	0	56	44	9	2	0	11133	10
60674	1785721189-KTP1	310	0	26	25	0	0	0	3833	6
60675	1785721189-KTP1	328	0	37	34	4	1	0	6292	12
60676	1785721189-KTP1	333	0	43	34	3	1	0	5652	5
60677	1785721189-KTP1	335	0	39	29	5	0	0	6086	13
60678	1785721189-KTP1	337	0	39	32	7	0	0	7075	11
60679	1785721189-KTP1	338	0	28	50	7	0	0	4036	11
60680	1785721189-KTP1	347	0	52	29	3	0	0	7447	14
60681	1785721189-KTP1	348	0	28	46	3	0	0	5094	6